seg_id,time_to_failure
seg_5924f5,4.609908483355199
seg_5975f4,3.3090581561498
seg_455b16,3.310566040609399
seg_7e3b3e,3.698824099624895
seg_e5fbc1,2.4219395033895985
seg_397dc9,10.185401391315803
seg_c12d7d,8.891743352985898
seg_63d651,2.8009084030476994
seg_0e1fbe,2.5308664421502987
seg_71b975,3.0654237424292
seg_6c34c2,3.3117954973782973
seg_e53a52,3.9941248839619017
seg_59e1db,6.368064388636001
seg_9f4fd4,7.4842114051409725
seg_83cb2c,4.2616668546495
seg_f59974,7.125044885859472
seg_64be5d,9.893116419057604
seg_6a45a0,4.5765081818844955
seg_b0f9cd,7.945886055536398
seg_e3cf1a,3.5356129833879995
seg_d71352,9.32055204050755
seg_7ebdc3,2.3508717113583004
seg_616c8b,8.154099181336553
seg_832a4d,3.272297850206302
seg_f2b0c5,3.6729516957750974
seg_b782c7,7.5239437737306964
seg_f650cc,3.2820728418487017
seg_dd0b11,3.104355848656502
seg_293dc2,2.8039596747827007
seg_41a267,3.8437754380244007
seg_373a04,6.6861511474213
seg_8e7fca,4.1532585822991
seg_baa745,6.068266522075995
seg_70be4d,8.729466693907547
seg_11647f,1.6361980362560997
seg_914a62,2.357262828572601
seg_dd699c,2.3296497016076017
seg_9d1dbe,6.917826936975499
seg_666056,4.062971387526999
seg_903aba,11.301714767058689
seg_f6abc5,9.187143521946133
seg_85c1c0,3.3399259808243977
seg_27a282,3.9955664062591993
seg_c2b8f7,3.795905039522
seg_e9e65b,8.230664416017403
seg_8aeb99,7.79884138524
seg_b72413,7.532436287641939
seg_31ddc5,8.272217272591547
seg_72c307,5.352554586837001
seg_df352f,4.166200926479502
seg_3b30fd,8.5067127796923
seg_6c8a45,2.700859501606899
seg_bc437b,9.31636868982853
seg_d014a3,12.430473717806995
seg_cb0e21,8.562974563846153
seg_00f3b9,2.295975959305601
seg_eb0b19,11.320801268221668
seg_2d5544,2.4719015509365994
seg_614b50,2.5714023849909
seg_f60872,6.202442808155901
seg_31a51f,2.5465221287559996
seg_9b0439,6.132321876094603
seg_eb1d6e,3.9360563282140015
seg_45838b,6.7035977121281
seg_7ddc30,9.745290959467502
seg_0a1bd0,5.8122047925314995
seg_687a5c,3.009208861717499
seg_d36681,6.915536895098998
seg_c666dd,4.163558851096299
seg_b691c5,2.2615707385347013
seg_c09a41,2.2785276733019
seg_a39ebc,3.1533742592662977
seg_5a242e,5.924234216247002
seg_622e9d,3.8691698528637017
seg_efb639,7.7911654273565025
seg_29475f,4.481109192122401
seg_a12acb,4.5512340376483005
seg_c18d5a,3.5498373131989003
seg_184222,4.2141973361756975
seg_aae025,8.684292750154544
seg_ae42b3,11.500641020127752
seg_60dacd,6.029554372708875
seg_b13220,2.474101783038601
seg_0ba585,3.356950907499302
seg_ce472b,7.603430369061399
seg_32fc4e,9.082657877674878
seg_c472cf,6.395673691152503
seg_478327,6.5776143840904
seg_df0df7,7.4208886813562
seg_db90c0,2.9283278652785
seg_af703b,5.3561750939098935
seg_010eab,5.3775135641295
seg_4ca6de,8.024875784959141
seg_08fd5b,3.6112127038365003
seg_53bdf5,6.2594690742697034
seg_7cdfe5,3.0436671616926003
seg_4f48b4,1.776490703130101
seg_922990,3.3116151188979024
seg_10f3a6,3.3145564155745983
seg_6cfb76,3.556869870607201
seg_586c0f,3.153607053669501
seg_b4402d,7.883799456029782
seg_1815fe,7.200700846550004
seg_bff05e,8.119600642835
seg_b0d251,6.142898723786098
seg_cd2b34,6.2350035594117
seg_38ee24,3.1361096958386008
seg_ceab44,7.358474999870998
seg_9df32d,2.9522475215567012
seg_7bf143,5.7184360597897
seg_bd00c4,3.470684579969999
seg_241266,1.7894224642368997
seg_24157a,4.6014689124113035
seg_b54024,2.702397865897402
seg_ea05c1,8.091445269147997
seg_fe70c0,5.915885129103498
seg_d07ce8,10.84592963308575
seg_284223,5.680245921973603
seg_58d52d,9.094179268438257
seg_2ece02,3.8088055080734993
seg_42ff14,6.388852949492704
seg_2916e3,8.25372460824121
seg_117ff4,4.365383588382101
seg_fe86f5,4.203000969582601
seg_1b78af,2.6523241732812988
seg_8bc20c,2.9200229073164023
seg_34a8f7,8.391811424444567
seg_c1fe9a,3.2626020563882
seg_59eb97,4.656381578083404
seg_9fc7c2,1.9673316499189994
seg_05b66a,9.297296194773308
seg_69dbad,6.881249184693298
seg_b25dde,1.614824558571101
seg_9d79d4,3.576689834503801
seg_d9ce67,3.0766686841740984
seg_98be13,4.927646773349901
seg_14c435,5.130085435964197
seg_004314,1.1601376585961996
seg_d37b05,8.390241451778904
seg_a86a05,5.819277820606604
seg_be19e2,6.507105021686005
seg_cbfb19,8.498605232269004
seg_8a3306,3.0221099150707986
seg_0e3ed2,2.026447272382199
seg_81f798,3.9340428540243972
seg_f0181d,3.172506409551903
seg_2642d4,5.559281157645302
seg_63c983,2.1312943153717994
seg_6d6fad,3.8579623370775007
seg_2ee95c,10.198442292348183
seg_ac5c61,10.751514724840003
seg_87f6c8,6.569745748141498
seg_4cb0d7,7.175892866645998
seg_0d762e,7.638580328936601
seg_e217fc,5.634569945571598
seg_d3f967,4.313896753222003
seg_86892f,1.828060872090199
seg_69a230,3.9393052264069
seg_a2c108,7.210202636524225
seg_441c6d,7.093503668470601
seg_e877a5,3.1471690528945975
seg_425462,4.183316221556204
seg_75654d,2.5591527007220023
seg_e5e238,3.344014861812099
seg_b21273,3.7871989094346024
seg_2e71dd,3.096078654523701
seg_76f1af,3.594152051537399
seg_75438e,4.950164775760999
seg_9b7ef8,7.848466786742495
seg_cd0691,3.4767116148441026
seg_0879a8,7.227600201580978
seg_ab4bca,3.543699875508396
seg_c11a4f,4.607793352930199
seg_3065ba,3.6209850948591997
seg_07c815,4.3675060891311
seg_aba501,3.476561403373799
seg_a18246,4.094879225734999
seg_f4d644,2.7087284466491
seg_a5d37f,2.7118996248697
seg_377134,3.211885133464101
seg_f7050a,3.7801560683198994
seg_c87c24,3.5928506993551985
seg_64f8dc,6.439113166827098
seg_899bf0,3.5805356836359983
seg_9c6715,1.9554978937092011
seg_6fb17f,5.0868004788885
seg_bc1d67,6.705896297282003
seg_74d8cc,5.0976558293863
seg_7540f3,5.955160549398801
seg_1f1e60,6.6716573007669
seg_0bc877,4.3263607787597
seg_533613,9.263135261498206
seg_5a1adb,4.999584443352602
seg_a96b47,3.5246013353246997
seg_10c09d,7.681633982957397
seg_0b76f5,10.269673863696003
seg_11860f,4.705152825924304
seg_00cc91,2.689192937433999
seg_673c60,3.6882900864197006
seg_96dab2,9.257633172878997
seg_988e69,1.9904665406756996
seg_bca500,7.040726536209402
seg_5f46a5,5.615564998923603
seg_1f3d44,4.834609503353798
seg_5abfdd,3.545229733718599
seg_29e799,4.160392063462001
seg_c4af54,2.7027536187014003
seg_e40348,4.121068573585298
seg_ce9f59,2.619006656707
seg_d7ab50,4.637261988677098
seg_a55a17,2.6880063868513044
seg_06d4a2,3.752728078543198
seg_268956,4.859881647725496
seg_9f7542,9.682962182429508
seg_beda44,3.9860942556952996
seg_ef660a,7.670591904927196
seg_6167f0,4.8725994270503
seg_09dd59,5.5919332466709974
seg_fa6383,3.3993869419711995
seg_208ba5,4.251357377782397
seg_a53e4c,3.3124099560941995
seg_6c292b,7.0004511459588015
seg_5bfbf0,1.9652679981606003
seg_d36055,9.281750603963395
seg_1b2298,8.90664450602604
seg_e6c973,6.558497596105502
seg_974049,3.0944818898751976
seg_a3ab46,3.7360141485364027
seg_4fd191,4.6800174255177005
seg_1d044c,5.405203370368201
seg_1201e8,3.7881806494536994
seg_753190,7.010157703190003
seg_63130f,9.063948840374263
seg_be811d,1.7301453707022991
seg_62a403,9.259941642446552
seg_c509ff,3.0186944458252003
seg_e5c033,6.272929268175403
seg_fa9f00,2.602104691558199
seg_327ed4,2.3096131818986008
seg_05f9d6,9.514519793563704
seg_818382,4.7158667176251985
seg_c588c1,8.993966970467618
seg_24f338,2.479910173867098
seg_a63573,6.4695285766251995
seg_5765b6,6.54406423900915
seg_420bcc,5.191646704242303
seg_9fe8b9,5.259779413081701
seg_f6d51b,2.5494100249868996
seg_588f61,3.0039538564335984
seg_19ec5c,8.112114855461254
seg_fa0ac7,6.370408189406605
seg_e9a09f,1.9325894020672008
seg_b91011,6.319909046222803
seg_a975df,2.7566273324516994
seg_210388,5.6317092311926
seg_9e962b,4.781063485333103
seg_b57e76,5.444764779451003
seg_a88dde,8.297397651791
seg_932828,9.204679797671963
seg_0c12cc,7.716762825070801
seg_cedf3e,8.371751298321001
seg_77c546,2.100584437457202
seg_63c9a3,5.9873272254628
seg_b86ce1,3.2794497153772983
seg_8472f3,9.349227243899517
seg_061a33,7.364553229594801
seg_440106,10.263580080796777
seg_6be48e,4.128154094559401
seg_d27193,5.135460057793502
seg_161f5f,2.806339909591099
seg_7c10c1,1.4238011234877996
seg_247262,7.470053157762999
seg_d35274,2.5992922588703
seg_27f532,8.898349426820497
seg_514b85,10.139169662754476
seg_4c3a2b,6.789944046464303
seg_f0574b,6.034093434971003
seg_634f05,3.816645256663398
seg_c3507f,5.858034047276501
seg_e8b2b3,6.8963989024300005
seg_2bf5be,9.069655807340526
seg_a84c13,3.151187710505501
seg_492dc6,2.4351942482093
seg_743775,7.4040477132936005
seg_ea096b,11.145352482434692
seg_f3063a,5.855174556749102
seg_395e0e,10.031337956229677
seg_84fc12,10.780549655385002
seg_5bd9ae,6.5873920294997
seg_b5aee9,4.723412777949201
seg_9c00d7,9.08477432243138
seg_a6c5cc,2.508502365540401
seg_d30a9d,1.9955411998835004
seg_8e7194,4.019760722813002
seg_ceb942,3.9194862586526007
seg_434c96,2.4571708237502
seg_4ddddc,5.5421957279123015
seg_2313d1,3.837641692160402
seg_0e1370,2.3972742696215996
seg_2a6343,7.090880450298871
seg_620ee4,4.750342694628902
seg_90ef18,6.414655870770731
seg_655cae,3.320639298677101
seg_d88da7,8.161457219851203
seg_ee4479,3.5339125361134025
seg_b3d886,3.341146810099799
seg_fbe3c2,4.598743605865599
seg_93211c,8.183699879693402
seg_fdba93,3.425337996589899
seg_d21066,3.5862118479551
seg_ecf28d,6.4791397863223
seg_40b3aa,2.2799275296496995
seg_b80b89,3.9936443498737004
seg_e2c82c,3.472341687130802
seg_39ad50,3.7169541130193995
seg_75e93c,2.752168689258401
seg_7c0376,2.4950142179944006
seg_3d1cb3,5.594861651896002
seg_2cdbe3,2.626326993844499
seg_d693b0,7.084463703291703
seg_8ae847,5.580752572646199
seg_a14212,3.653351108744998
seg_715ff6,6.835653638191036
seg_32f3a9,4.236490658596999
seg_d85e2e,2.7281651017643007
seg_ac9de5,4.760003201318901
seg_90e904,4.511676567818401
seg_74ffde,6.431199911216598
seg_ba5e7e,3.459937445391298
seg_e86e44,5.1350816957636
seg_945bc8,4.878329691196795
seg_3d1f2e,3.1526440518800016
seg_41f45e,5.8448928408772
seg_d39131,7.8404720152686425
seg_53fa13,2.3431051142547985
seg_304df5,6.051949928760804
seg_fd9ac1,2.536852418894299
seg_b47c19,6.133167753739198
seg_1969c8,5.833793736445004
seg_a1edc1,2.2776681668922008
seg_0339ca,3.213361985574198
seg_e96140,3.410685533220003
seg_d398df,5.4723278694987005
seg_8f4654,4.7783666458021035
seg_ffbd6a,2.171824442619499
seg_e86ed1,10.241970150801574
seg_4a719c,3.7964151929645977
seg_1ef708,3.5600546000490016
seg_7a9228,1.8971745537361
seg_cee7d0,8.586967193025835
seg_e7ac12,3.7712777233703
seg_17067e,4.171901130751
seg_5090fa,6.749901862791002
seg_78d817,3.8696961489362995
seg_6e7f73,8.21604606351529
seg_6c909f,1.8623626791752992
seg_ba9dbf,2.927984698328199
seg_37f3fb,2.4060912940890997
seg_ef27c8,1.1952135688898995
seg_a91c03,7.461053805716001
seg_c565bd,3.4233655356829007
seg_14d1d3,5.196055218688403
seg_9a812d,4.658687543540199
seg_abb03a,4.849694620943801
seg_c58ca5,4.724437820390603
seg_864fcf,2.0701402460956992
seg_552b8e,8.076951001277
seg_82316b,2.310615734677599
seg_3128e6,4.821586389719203
seg_97ad82,5.772349714305403
seg_0b07c7,3.993218004733202
seg_a1acb2,4.217426781617802
seg_feb312,6.887394875838181
seg_f88d4a,5.432510467501301
seg_66b7c3,6.7117778445645
seg_c571ef,7.0132946710232025
seg_f6e89f,9.28065697579215
seg_753ba6,3.48958309602
seg_4a6096,0.7684066046612997
seg_d41daa,9.324478292768605
seg_7b3017,7.1367285115691015
seg_1ac9e2,4.371329561914298
seg_c46ce6,2.277904584807899
seg_4c8db6,8.55496298601108
seg_8cdf83,3.411529965269099
seg_05f126,6.5477669371150045
seg_4b8044,3.443392502471901
seg_cacd58,4.627588857561503
seg_8db6f0,7.435897298260345
seg_112b81,8.339670881592005
seg_ab70bd,6.512858614361403
seg_31d7bf,3.0276351423544026
seg_d36737,3.7043007368457013
seg_890181,7.250199571963998
seg_2d402d,1.6849432580650003
seg_c5fc87,4.837073652375002
seg_3b95d2,8.186714762635384
seg_05bef4,3.059113802251498
seg_4185b3,3.435261196154201
seg_a5271e,3.7089009357923994
seg_a6cd86,3.326330384914901
seg_d32f71,4.4190322176475005
seg_8658b3,9.204044980160418
seg_c522f8,9.821812406960941
seg_b9ec4b,4.459751932885901
seg_80622d,8.853807614432759
seg_e09301,2.1282151814628985
seg_f71db8,6.387959805547601
seg_d42c77,5.966621929136473
seg_4d5a4a,3.2782841700630017
seg_89791c,4.374834395832203
seg_597bd6,6.348892919790001
seg_739fb0,3.6574737778678004
seg_ead30e,4.1105766965706
seg_a5f4dd,3.6651427625485
seg_ecf81b,7.285812712686948
seg_e6e1df,6.901770140384701
seg_c747b4,3.458095660721799
seg_13c2f0,4.696714476390403
seg_311499,3.826337712463204
seg_c08d36,3.205458537025399
seg_180481,7.672633651529
seg_f455bc,7.54597773130156
seg_4abc29,3.1174166106677
seg_2465ce,6.769177951383097
seg_004cd2,6.3188115865258
seg_9a74d8,8.028335451245896
seg_4c067a,4.963234023924403
seg_3cba49,6.6772945209042
seg_92092a,5.011602207310999
seg_39300d,2.9851474720349014
seg_fbff25,3.170748742913001
seg_52636c,5.710529533371699
seg_74235f,4.049951944819399
seg_037461,3.3406704988556997
seg_b7b098,4.492590133659098
seg_d1045e,8.59928297110426
seg_957ece,6.332711594123196
seg_49d84b,6.5799923408389
seg_5a67b5,7.7673956967827005
seg_929ded,5.434114804701097
seg_30b043,3.613151634270201
seg_0b9ad8,7.453283443676996
seg_ba2c48,4.144339794895801
seg_fa34c7,8.578929429023095
seg_c2a0c8,3.6832890013778
seg_28fc32,6.150051896162601
seg_121446,7.733337202299005
seg_6153ca,7.753409752449999
seg_d753f8,1.8261975947744005
seg_738be6,4.079564458216398
seg_d56ae2,8.023560857890693
seg_0d663a,6.119024768740304
seg_f6cfd4,7.086262082815199
seg_64bcb9,9.878980781781143
seg_8d4965,4.396951545022602
seg_946d71,10.096147809117005
seg_72ebda,4.459645758824
seg_55a9a4,7.880434562731751
seg_e8ad6b,3.3256253015825012
seg_326eb7,3.997268042022699
seg_59cd7d,2.647046221628299
seg_ea0091,2.9990426350555004
seg_9940e8,9.086797673769125
seg_5cde88,1.2803561053733004
seg_7480f4,8.54474631283651
seg_b52add,8.278969071503004
seg_3234ca,3.025549336694998
seg_3bd97e,8.927993160602137
seg_e76e6e,3.1039020321867015
seg_aeeb31,1.9004046637939
seg_0536c9,3.5995843132858982
seg_5559d9,2.578555545306699
seg_e24f69,3.9661471347216013
seg_2b4959,5.109452835413197
seg_2eddf6,6.667112031753501
seg_c01f63,6.594680828285898
seg_495573,8.088342452617848
seg_31c0f4,10.802886173969007
seg_74d58a,8.792158587976251
seg_337b8c,4.1209362528568
seg_d9190c,4.607961737862095
seg_a82229,6.401615549287098
seg_a8bb2f,4.8080591536158
seg_6a4ad1,7.532576870605103
seg_e6307f,7.118512071858025
seg_b42170,2.6065467937324
seg_4d0041,6.726485715472759
seg_e40d64,7.187576002027298
seg_ba0485,8.777651649201664
seg_6b4e04,8.666497785000525
seg_514543,2.1193702877053
seg_e8ce6a,3.7358057160848004
seg_d0f803,3.7589898197956995
seg_c62a06,3.1205872533770997
seg_dcb51d,3.9090797306481
seg_a03e6a,4.985644338600202
seg_5f355e,6.608459162225
seg_920132,8.4407776513106
seg_cd2b53,2.4890089206885007
seg_23bdf9,4.958748152395097
seg_57ea44,3.8411673760880984
seg_091c9d,7.0228270601227685
seg_33c30d,2.822230563833802
seg_18f853,4.992862264892099
seg_724df9,0.2984765413899998
seg_b89218,8.677582287655637
seg_9c090f,1.6382541792207994
seg_324447,7.5427540237391995
seg_96cd5d,2.9905004304269
seg_0968f1,7.193553032659196
seg_ab3f14,7.918751762782099
seg_46dd7c,3.2074635811114005
seg_339f80,4.441797471275502
seg_a3d4d6,3.1634031032208982
seg_4e627b,4.8708056330578025
seg_ca6d70,1.5129110836758992
seg_4a91a9,3.0316905586035983
seg_3b7175,4.097376212415494
seg_6951e0,5.180840530764096
seg_66e45a,4.8990939830836995
seg_287e60,2.9729355310007004
seg_2be983,7.78675116667431
seg_b51380,9.818448325990794
seg_f6f683,7.025942061475002
seg_bee792,6.116757051573102
seg_563059,7.3234039220110025
seg_df8e0a,6.041701018455971
seg_d3992e,9.288313930087499
seg_ea098b,6.314422053142201
seg_8e5704,9.082896694468504
seg_4d7c56,2.9027903656444
seg_065588,4.4294915592258
seg_76b76f,9.003127032411776
seg_2642d0,2.9658389365685998
seg_7f93b2,3.739259045090201
seg_635770,8.9058240603726
seg_94aa0a,4.474629879123699
seg_7d994f,2.9984482047889975
seg_78addc,8.553969416942353
seg_bf2d1f,9.318558644409997
seg_5255c0,7.3737328142849
seg_afd665,4.532764606386399
seg_34abd2,3.0225141208631006
seg_1827c5,8.20997234927999
seg_268625,3.518006364173799
seg_9a1c76,3.8152487854230963
seg_2b6d52,9.028234104258882
seg_5147e1,4.1398495552154015
seg_8f3247,6.659701714596102
seg_2f4f14,4.006528024469799
seg_a9089b,2.789510585731898
seg_214492,3.4554982698061036
seg_c6f0a2,4.065274680247502
seg_e59dca,7.5044011749595
seg_14c371,7.4160007766331955
seg_43383f,5.606089159858701
seg_f6f523,3.2995602997611
seg_e742dc,9.054956126093982
seg_27b7c8,7.733590997100503
seg_df45b0,6.322546888044502
seg_c52ae6,3.924994500460001
seg_398a25,4.484127592677201
seg_bfe0b6,8.408489132380222
seg_6fc8b3,5.738864950937498
seg_27db4d,6.9887593247776
seg_cff594,2.3302020459491017
seg_f7d792,2.3395563609056005
seg_5e668a,8.466712416638977
seg_a173d8,5.279574629686302
seg_383b6b,3.0502196754821
seg_4d53c2,10.235356175027992
seg_a4e745,9.557691118244003
seg_e92526,2.5279160470576003
seg_8dd3ba,3.5520901231281004
seg_523945,2.6666647550555997
seg_72aba8,4.764096159139403
seg_ba3e74,4.7393830325273
seg_c7a3bc,4.143827590693199
seg_eb7595,5.747125218802598
seg_ad82ca,5.032337887849199
seg_7c9433,4.697068768172501
seg_8599ec,4.023673410291202
seg_4d18f4,2.0051768912634995
seg_4743ab,8.505777668540217
seg_50e270,5.453533086039403
seg_1e677e,4.375621039625602
seg_7fd3a3,5.388103572853197
seg_23c947,2.2065787358057
seg_8d3a9d,7.330282778791899
seg_e2209b,3.3504565856662007
seg_8d4435,3.8081745424844007
seg_dcd9df,3.6048922687630007
seg_9ad261,5.8701906999577025
seg_9caf50,7.724414561407301
seg_72859b,4.186703372848501
seg_476700,2.3455468749788007
seg_91f664,3.7590438966848
seg_16c3a7,3.0110824105663
seg_376908,1.8403677874039004
seg_83dc2e,9.198932636043999
seg_60df2a,7.070203217130102
seg_5d94b2,4.7677401247240025
seg_2ed79b,5.527641727369701
seg_6b0107,7.083367827271997
seg_fde86d,6.4494934983032
seg_643d1f,4.283186927822097
seg_0aa0fb,7.709098016139893
seg_4b0839,3.828160863691201
seg_d5dbc1,3.332451351499801
seg_7b0936,8.95685296370132
seg_59d484,4.902155467560604
seg_b3cf21,4.6078753817703975
seg_f3c578,2.832339467861899
seg_0b3b94,4.3930444639882005
seg_383f2e,7.865870696034092
seg_1d596d,2.9412708323315995
seg_f5a6ab,7.347637096518704
seg_ef644a,5.732244801501
seg_650de2,1.778629520506601
seg_e266f4,6.0587711600153975
seg_b2e045,3.6244204377259
seg_a2e2c8,4.414612053564402
seg_158764,8.410496106677002
seg_de3237,9.541496685611726
seg_bbbc30,4.6560928661177
seg_4dbbd1,5.5082518717259985
seg_915b3e,3.0906126873594983
seg_0e9bb3,6.4405509675715
seg_e6bd3f,3.711819928685199
seg_b77bf5,7.968540814205503
seg_1c4c5b,7.693969262643109
seg_c23641,3.398875258680201
seg_93d864,3.6043394700676004
seg_abeca6,10.310626039144998
seg_65ef95,2.6929130428724006
seg_99ccbd,2.6731513994814975
seg_8310ea,6.234240208311157
seg_f6b70c,8.068110262932644
seg_0dc38f,2.4351935591783005
seg_1d11e5,2.9823980570849984
seg_fde767,6.3072571173237035
seg_a47cce,6.4009675739843885
seg_12ee6e,5.3603411988436
seg_ddd206,5.4270629422827055
seg_d6b386,7.322397293357002
seg_311b5e,4.557298562012599
seg_93f935,2.0883774573879013
seg_dcee28,5.171697341755702
seg_123dd4,8.322888268955031
seg_afca81,4.116973867640901
seg_0df469,3.8023893175751993
seg_038879,8.510961237173
seg_e5f9ec,8.090774365144254
seg_343571,7.720338750527998
seg_4b4c91,8.15168573399292
seg_140bc5,3.5581346542559014
seg_2aa101,3.4266084136430006
seg_331f2b,9.94549531184537
seg_0144cb,4.746825675386202
seg_b6c10d,7.387995389560439
seg_b03de5,11.231711443338009
seg_d4c763,7.378583279410103
seg_64dcf0,5.828776594795897
seg_c9f80a,3.7842463147989998
seg_e1daa0,6.1329217730320025
seg_217eed,3.277900827650302
seg_67599b,8.936581884558011
seg_521a88,9.3288346418171
seg_5c8ae5,2.903961495147
seg_0d540e,2.706382915382201
seg_d68930,10.40344036520223
seg_8c0114,2.909253562828101
seg_25ab3f,3.8823472047783993
seg_c6f9c2,2.725694883460101
seg_fb4c26,5.287759299139999
seg_ee2781,6.497498050252204
seg_2c69e4,9.491268811655653
seg_cbcce9,5.376403101294101
seg_d5b100,3.044859484736999
seg_c22bd4,6.893304586755247
seg_30fd84,9.906151763816299
seg_8bf229,6.011506758494903
seg_85e9c6,6.422095746586201
seg_da8b88,6.781758899868995
seg_f96d0e,2.7602395825798025
seg_4d2671,3.5946789744048018
seg_aec276,8.663648056573
seg_c550b1,8.166862891585554
seg_d7967e,9.93372098742816
seg_7e9eb7,9.639757738302265
seg_05e0d7,4.389228624824599
seg_bb171f,7.229088523421015
seg_a9b957,3.0070333599361017
seg_8328f5,3.5170483523532
seg_d60d18,2.7387263587002
seg_b66b87,3.505367915787899
seg_7f9b3a,5.7847821771809995
seg_9c3ef8,7.806363218047003
seg_016913,2.9338658968202007
seg_57dd68,6.968877640231203
seg_136285,5.1543539313476
seg_ecdca4,2.891333802310198
seg_6ab188,7.698844480037703
seg_760d70,3.6387420327497004
seg_f618a8,6.588486885674002
seg_280863,3.524050286347302
seg_e3b1f1,6.9614055514998014
seg_c365de,3.3418444968106007
seg_ebb79f,6.202960829669296
seg_986b6e,8.002105327930982
seg_c73df6,3.7940349103710984
seg_ec0e7b,5.195565669778993
seg_3edf51,2.2947042074319013
seg_807901,3.5242427798141005
seg_293dbf,4.2949955823788
seg_30ad2a,3.2057996600800998
seg_ca2d1b,3.5656427747229986
seg_804fb5,5.239030162646202
seg_f30b2f,4.285986780192399
seg_bf1430,5.528866908130501
seg_3f2086,9.053371292640799
seg_83f89e,7.109147672603102
seg_d0f262,4.3395353420764
seg_ca8389,2.2334355855671997
seg_9f12c6,5.174075932874202
seg_31a6cd,3.2793284853781004
seg_6d4fa6,5.687502289923206
seg_45e4ed,3.1302622862318983
seg_b95010,2.8561980156615014
seg_7c2beb,7.392042811198012
seg_c9201c,3.109411547383798
seg_82456a,2.2875846013045007
seg_e0f296,6.5620903048488
seg_be4612,9.07759043607988
seg_2ba79a,3.4809902700434003
seg_7848f8,0.2980027644486999
seg_0dfe8c,4.370683806791201
seg_cf1371,4.177574971183301
seg_d9b162,5.074090381711103
seg_0b9ba3,9.324809383001
seg_86cfe9,8.203505360819145
seg_86e874,3.3789949249076003
seg_ff2f2d,3.976603173794999
seg_922914,6.701298463659205
seg_b23489,3.1032629617218985
seg_115a92,2.9899535743620005
seg_330579,3.2714339165845003
seg_709b6a,10.152702858937003
seg_004f1f,2.3219154269550017
seg_21eebb,3.3636430910248
seg_0bb5fd,6.020801257056998
seg_e20d76,6.209688699626899
seg_f2cb5e,2.996730402129399
seg_d328bb,3.703757868418
seg_14c89d,6.857565208554901
seg_530a02,9.1330934519435
seg_0e9987,4.0296172910950006
seg_f21a22,3.658086358445202
seg_1e0523,5.691999843654803
seg_0488a1,6.999838764435703
seg_eca2eb,3.7419691731594025
seg_6f17de,1.8718367395564977
seg_d40bb2,8.452575568858165
seg_91bf8c,2.641848015367801
seg_500108,3.676255392851503
seg_d6dad6,6.9912220943616035
seg_8773cf,2.0324018656417002
seg_eb7f91,3.9428929001000017
seg_734a88,7.912559708829686
seg_9d57a1,7.405005057428
seg_218049,2.721658771523197
seg_1f7cf8,4.015859599105104
seg_2d92f0,9.168449675809335
seg_b8fd73,8.751568563943996
seg_cd43b4,8.268687748647
seg_2eccb9,5.147265499806902
seg_4fce5b,2.1482197392474003
seg_bf7224,4.071092350774499
seg_f6a217,4.8321113180829
seg_a247ac,7.565974557581702
seg_9bab11,9.212816573375507
seg_1ae362,8.576447388807594
seg_71238c,8.247223742383317
seg_c5dee4,2.1024083620457996
seg_13e25f,5.079043457140704
seg_e1468f,7.028188084645522
seg_f2750c,7.1073315046135
seg_591954,9.884861550411104
seg_99f677,8.432864578478
seg_7bb771,4.397746983088501
seg_e9aa44,10.934243177111007
seg_59058a,2.6039384444335987
seg_a9a820,3.764053068214996
seg_961ddf,3.2703687735985985
seg_3319b5,8.595657098138991
seg_0f8961,9.023274525453907
seg_f6bae8,5.890941747801998
seg_148698,5.1094920636160985
seg_2883ec,7.986768274971006
seg_2dccec,2.562202011551701
seg_ef24bd,4.985652613698703
seg_6422d1,5.955308317199899
seg_a5fbcc,4.561631748904799
seg_d35e50,5.273807804143101
seg_b291c0,3.8320626513443985
seg_3b7724,10.0032108573173
seg_373ba6,3.6161356434038003
seg_6f3d90,4.707414324938004
seg_53caf1,5.712239876478
seg_23efb0,4.089380469173899
seg_b695b3,3.658097709418099
seg_29d4c6,10.290001724920005
seg_91f512,4.6912037877335
seg_8344ee,4.4421181323339995
seg_d062a6,10.140856185545
seg_6b536d,5.468665556699501
seg_e05de2,4.258887532428999
seg_65c4e1,6.069961327287
seg_37608b,6.324430990001599
seg_14c8ce,7.588701952167404
seg_f61b0e,6.860950622978798
seg_7189ca,7.245589070020998
seg_d07c62,2.1304271712229
seg_87a67a,4.499748865563102
seg_53a557,2.918095240485802
seg_ab15ad,5.087176937326003
seg_c60f1d,2.633178175701101
seg_146926,7.973081567559972
seg_bbf805,3.2667128325321992
seg_35c587,5.9630014354378025
seg_b9de03,3.4934944276909006
seg_18d307,3.2028793669691993
seg_4f83a3,6.895217088359899
seg_49322d,8.342189968471995
seg_94d150,2.080332633040298
seg_82c138,6.354583906672999
seg_c80857,0.3033372292928997
seg_9dea8d,8.311684501462299
seg_5887a8,8.674033667021545
seg_193404,9.050973681600741
seg_66ed4d,3.6165367489334987
seg_814b1f,1.9291892646206992
seg_f22163,8.584691478329999
seg_b20487,10.172429875800006
seg_41aadc,6.577003110061699
seg_739856,9.245140002307657
seg_63582a,9.112304504436993
seg_14c054,10.340840870902303
seg_876904,3.761250796871002
seg_e41fc9,5.205122200887399
seg_703cea,8.223080694757039
seg_8785e2,6.4100065273923
seg_d1b91e,5.202283711302598
seg_5639b3,5.982980793073698
seg_65fbac,9.556261504174001
seg_f52cdc,7.0289839708381825
seg_f322b1,8.990765171178701
seg_eaa0ec,7.085350759104403
seg_ba941e,6.734590183819002
seg_77db7b,7.9757822933246825
seg_72858d,1.7713054269689013
seg_40f810,5.384770635771097
seg_95357d,6.833295162642205
seg_61219c,1.9700742150970987
seg_e24496,6.2113761978080015
seg_919a6a,2.189626141184099
seg_16566c,6.350493459388999
seg_679dd2,6.064772950407198
seg_bf4ec0,7.608592839932504
seg_55b566,2.677018491589701
seg_324537,4.185530129984804
seg_3506d6,4.3483290233501
seg_259d65,2.6095524667929992
seg_0dae4b,3.846945349696499
seg_80211c,8.143892802736447
seg_3e00cd,10.047464540055016
seg_c07b7c,3.666643220806902
seg_5e8ef4,6.898819734931001
seg_53d818,3.5939006401589997
seg_1084af,8.353305214661205
seg_b686e5,4.138374667889504
seg_a1a511,2.1151062440721002
seg_8fb828,8.147482430375048
seg_2099f4,5.8588596214808994
seg_9f22a0,7.944698491979227
seg_086a61,8.215680799962781
seg_34a2b8,2.8982761734858014
seg_e71dda,6.038706714825102
seg_9c635d,10.041489763609638
seg_db3a95,3.1941675860297014
seg_ad3cf0,3.7445719113110987
seg_84c7fb,5.291438192357105
seg_efd9ec,10.154563466225808
seg_85fb0a,2.3896430740378
seg_c21723,3.217687222866802
seg_c3f8d7,4.233464471874097
seg_c7a401,4.911046388453005
seg_20d9de,8.420501447411048
seg_24458d,5.423799945663197
seg_460436,7.3252837299386
seg_913ffc,6.6499240907764
seg_7c2c48,3.725938772288701
seg_a8e71a,1.6911973538517002
seg_48b545,6.9043198638879995
seg_c35940,4.419816887269796
seg_9d3013,9.343516830069504
seg_4401d8,8.444888676910397
seg_397983,5.563442922269652
seg_98ebaa,9.815686540436692
seg_b52dac,4.4029769245807975
seg_3340b9,2.0431143358743005
seg_cf646e,5.1127804785381
seg_2f8e19,8.367414040682203
seg_a2d47d,3.5991794022464028
seg_03d63e,2.094703525316702
seg_e1f045,6.638841489129603
seg_075f77,4.5345029733018
seg_74b264,2.500015321895001
seg_48a80c,3.045998780742903
seg_31064b,3.3663800265134025
seg_004ee5,1.5572182609821001
seg_6d35cd,2.6177475115427997
seg_8244bf,3.8443002500323997
seg_a11dd5,3.406532751382899
seg_3bb90a,3.1223970845053994
seg_bd31bf,4.601943653672704
seg_2dfb91,2.9271859807426006
seg_2c3203,2.0135125224229005
seg_7fd6b7,8.400065763075368
seg_aa9b8e,5.523045842604001
seg_0cca14,4.0830070959514995
seg_dd780d,3.0595270258033986
seg_071067,3.166114169753099
seg_bcc8f1,4.857988857083699
seg_e8385f,8.391134224815369
seg_c183e4,2.6609610061522995
seg_89b090,2.323434670009099
seg_4ea81c,2.0459960402890003
seg_b41d3c,2.2109566287602
seg_fbf17a,10.13902346260842
seg_e8a4f4,7.640448553082001
seg_a55540,6.960530907677261
seg_114b79,3.1961974667878006
seg_df99d4,3.3274506088879034
seg_63c518,3.583706582901198
seg_71348a,2.1534338931702
seg_7d65c7,7.497292308141799
seg_046c28,3.765080373352498
seg_2005a7,6.0477802527199
seg_176542,7.391693672205202
seg_e85f55,2.025943452191801
seg_a16a1b,3.3998573350058012
seg_7d718e,9.088158434268477
seg_e49750,3.661932841496
seg_c106ca,2.649583669494301
seg_970e86,8.497713454230693
seg_ef779d,3.0543708522842996
seg_44d3ca,3.6210065425491975
seg_fcd32e,6.2675209967024985
seg_b8141c,2.7740307553995
seg_cc2e9b,4.310807760400998
seg_7fa6ec,0.29890715758859965
seg_3adb1a,4.973930820001097
seg_2c762c,6.2648614358762025
seg_4eb127,2.0129552052751984
seg_5ec0e3,6.810506727881638
seg_35b009,3.9369314526110966
seg_8f4781,5.107816025081001
seg_a1e5b0,8.396558589191121
seg_ed3e4c,5.2098660909555985
seg_3f99c8,3.6361086524698014
seg_3878d0,4.0759356821762
seg_1c401b,7.6860662474981
seg_04ee93,8.224092690288998
seg_b89e47,3.6480967950248
seg_0042cc,5.785950830200401
seg_b63de1,1.7080754806712988
seg_bb92b1,4.59807647598
seg_cecd29,6.476622507253001
seg_6eedcc,6.1135556910706
seg_b26368,4.2682809495236
seg_7cb417,4.392543923927199
seg_90bf60,9.745089631409632
seg_01ecb0,3.504659798877999
seg_24c078,6.877601612814402
seg_5759c9,8.745504823754002
seg_77f9e3,3.365730356157198
seg_1da819,2.8541804619224997
seg_a50d28,7.958896234335857
seg_4c65e6,6.050086049142061
seg_4a9e8d,8.274886873587993
seg_0c8502,7.829907578264625
seg_8a8220,5.455578922194999
seg_da80c4,9.291506688194007
seg_a437cb,3.336703266138501
seg_529be4,4.9700516321266015
seg_83f476,3.850674662896501
seg_c90be5,11.518669123363122
seg_1abcaf,1.6213193025928994
seg_fc57d4,4.479027672048297
seg_d702b2,8.154108930893006
seg_c5dada,5.776654000324901
seg_a39fa8,7.930461901803002
seg_272a47,1.8935443164757988
seg_ab2a78,3.1505594511209005
seg_f383fb,6.8607366935551
seg_5f7fd9,4.088526746530301
seg_3d581c,2.0783001676530977
seg_a8685e,7.148524572367201
seg_939f5c,5.045090838718701
seg_17adc0,4.227618359813997
seg_0445d7,5.814891520587702
seg_7cef95,7.307607530931961
seg_421da1,7.715552830836999
seg_73858d,9.595102942063605
seg_afadfb,7.600867018772036
seg_5bc0b0,9.049815604591096
seg_97e4a9,7.663179800094919
seg_d1abaa,9.596512247714626
seg_4c18e2,2.8511795527023
seg_83ef67,8.735391043040405
seg_306756,6.6052848679872875
seg_ccdc28,3.1063537453392
seg_d47aba,2.763117557204098
seg_aaa2ae,3.359161709307599
seg_dc1cf0,6.858261159720545
seg_92be9f,4.940722757551801
seg_c60dca,4.816418965431902
seg_46012e,7.290243245098802
seg_dab0f9,5.202189546098502
seg_b5a447,8.197802438863299
seg_643f86,7.6461113161446
seg_c25855,10.86587660896912
seg_0e3d44,3.9231880853735
seg_cdadb5,9.229389985595406
seg_524b39,5.817873465369001
seg_bf1294,2.6480517508262
seg_943de0,9.265800723119145
seg_96db5e,7.351769282305997
seg_d2cb02,4.170049702984601
seg_e5750a,8.231407457770139
seg_c901c0,2.9208592578484005
seg_392019,5.293971598369097
seg_369570,5.2664458382782025
seg_5009d9,3.4450734561454017
seg_fb76ca,5.5851058855527995
seg_abc5fd,6.642230543606201
seg_5cfdc4,6.561579292503102
seg_093a0a,6.432191555912598
seg_aa78e0,5.946660061346996
seg_08b136,5.912500918945098
seg_b0a794,2.8608886773636995
seg_60277f,4.030612834506902
seg_5e635a,3.1949906367750014
seg_d7f53a,3.0117643324422
seg_b78883,5.925097667438647
seg_5445bc,2.9307672125886004
seg_c5f986,3.974070412307997
seg_9f6315,5.319235220017401
seg_3b4414,2.3827362366566978
seg_db3fbe,10.357999621132505
seg_41be7d,4.4857695155116035
seg_502fab,8.825980821981995
seg_a8ddf7,3.705150927190799
seg_f2f5a3,3.962762448395398
seg_94d573,6.334232839481512
seg_c44bbc,2.973536104518199
seg_9aa6e2,2.981316657033398
seg_2efd5c,7.5653951337643015
seg_8dcf3c,10.673176475862336
seg_517345,6.043374556684203
seg_468fdb,4.372499956275596
seg_86d847,7.051510659379696
seg_89e207,4.908653904214502
seg_4db886,8.406517413460104
seg_5311d1,2.7799038550679027
seg_82303e,4.030690193405199
seg_ad591c,5.908516493723397
seg_e54932,8.450112336303992
seg_1fe311,8.4384668303857
seg_457234,9.394816353853173
seg_d8014d,4.380527862075501
seg_fe2aac,3.4057046198359995
seg_30501b,9.14374734082964
seg_05a1b0,2.8666370746427994
seg_32ad0f,9.295687763912241
seg_17799c,5.923561140769599
seg_d90c5f,3.5502643370187026
seg_bd6f5f,10.657095927836004
seg_d3d8fc,3.278075600518499
seg_91596c,8.114176271459604
seg_8c6e34,3.2709549658413004
seg_836aac,3.4163063206106985
seg_85e90e,9.810736601930408
seg_b80358,6.7742705798899445
seg_6a116b,4.274923610298703
seg_6ac82a,4.6228154800935
seg_ba4ea3,10.003083132607992
seg_561cf4,2.414787736125998
seg_5d333e,8.889149569126408
seg_23323e,4.117586539602201
seg_c81e10,7.0288712757180045
seg_15c9f9,4.291449895138899
seg_bdae02,9.1787161651796
seg_0cdcc8,1.8648938763249001
seg_5c0929,2.872471300339401
seg_d78093,3.812467263704
seg_634180,3.3364485695479003
seg_9cb464,4.992860484062802
seg_64daae,2.219067288508
seg_0cf651,1.5520364459804992
seg_54b0ee,7.885116413884004
seg_45a8a9,2.5655237829813995
seg_7cbb45,4.3851748131049035
seg_49b0cb,10.378391521533592
seg_81c432,5.190474702839099
seg_a68ffb,7.981662148287962
seg_1f9aed,5.2285147304078
seg_7a9f2b,0.3019081519440999
seg_dc188b,4.674426044008601
seg_759fb1,4.723650122701602
seg_ddbadc,6.564431386726351
seg_00184e,5.200077710467505
seg_6e1ee7,7.165207411515997
seg_f931de,3.4957129538767022
seg_607559,8.412692136589005
seg_ed07b0,3.0008587987712003
seg_cec2f2,6.59499990081
seg_fa488e,2.4398307250871
seg_f8dd7e,4.235066153718103
seg_bd7109,2.7271893966880993
seg_5597ed,2.2247447808458998
seg_6262c4,6.9149599001201
seg_de8180,3.944992860023701
seg_07f37c,6.2683805931993035
seg_075340,3.638145172230899
seg_f11620,5.336401738082404
seg_5cfba9,8.252513035549665
seg_946d9a,4.254166790705903
seg_0870ab,3.9746973634180005
seg_e64dfa,6.3719623585669956
seg_060ce4,4.280190231336499
seg_266d4e,3.7745978764738988
seg_99f76c,3.699188561200201
seg_e4c15a,5.363652037593003
seg_f11f77,3.6783735592795
seg_eb692c,9.677662274860227
seg_fb74f0,6.826553371850151
seg_90b174,1.839457299559401
seg_80fb86,6.370240849623998
seg_2f9581,2.5242495167778998
seg_0125d9,5.059286244864202
seg_a69246,9.41100856539947
seg_8fd465,2.7955722923678006
seg_1ebe6b,3.674907204998299
seg_195eda,6.568660936912298
seg_ebe36c,3.2660140874938026
seg_2018c8,7.352177351362879
seg_25aa9f,10.898305543691649
seg_f073e2,5.4554432534684985
seg_0b082e,6.169626797297217
seg_812962,4.815092722116803
seg_121cba,1.3091723310053
seg_98c0b6,3.4769317818319
seg_274a1a,6.3580338006805
seg_077b7e,3.8306746094774002
seg_d098df,7.872887619762999
seg_d962cc,9.582561608909469
seg_d740b2,10.355228766123862
seg_9fd9b8,3.2852136301566013
seg_7a09ec,4.801979467125705
seg_986976,4.938195034435797
seg_f0cedb,5.946574806829879
seg_fc407c,4.455650034281203
seg_304581,5.234476269583598
seg_5965d8,4.024775818882998
seg_12b9ba,9.747135846563404
seg_5cd98b,2.422493985144001
seg_00e5f7,5.496801414209999
seg_a7d0eb,4.813357565638101
seg_6ae32d,2.5406976314562995
seg_17e596,7.297266741673621
seg_4587bb,8.076521126418605
seg_fcb7d0,9.074929510559752
seg_4ce234,7.439703572527602
seg_0c74cf,2.0604684714477
seg_7c88d1,3.0444186536742
seg_a58a6e,3.023537966967101
seg_bce305,4.4883601934055
seg_20cc25,2.8668652921771987
seg_29a073,3.9217725379760027
seg_695380,2.5454443516555987
seg_68da94,4.035548513678
seg_cd9f9b,9.151709357105007
seg_7f3ab0,3.1957656231593017
seg_29c906,4.131560992309999
seg_696621,4.960813709483504
seg_683ddf,6.945702603872103
seg_2db7dc,5.232114687026804
seg_19e1ff,6.698088765609104
seg_afa4a1,5.4114048937430015
seg_545fda,7.510332708619997
seg_0620e6,6.445506889060497
seg_60b696,6.761374518418503
seg_4d0c45,5.081563943748105
seg_5ad847,3.868684275650602
seg_4ae712,8.07121489712626
seg_75e669,3.6535973747981996
seg_e051bc,3.720968914968203
seg_2774c4,10.559367402960051
seg_75cd6a,4.278713932513102
seg_476bdb,2.7142336069886994
seg_518b1e,3.0582986024268
seg_b253ee,2.0159365431213008
seg_130e17,1.6410041917233
seg_ff4236,7.771037741458002
seg_27de37,3.2754819837052995
seg_593c34,3.2042888571819996
seg_dcbe02,3.119822372449101
seg_447b8b,10.454330686799805
seg_578e84,7.929189243001349
seg_a7561c,2.3929028111480997
seg_6fc3ef,9.604088679287996
seg_0cb81b,2.6561678005088005
seg_9626a4,4.019819384157
seg_e14149,4.993741920753699
seg_1a8e06,3.048016952842299
seg_e4f403,3.1896503531159994
seg_c9e533,7.080838398850297
seg_7eb108,10.630141171584164
seg_9e7dff,3.8034724034809018
seg_17d1ff,2.0063984597981004
seg_b4cb44,7.823212245179616
seg_bf1a72,3.688105284645598
seg_1baf33,2.6767899848425
seg_b6254c,2.6107386563477
seg_d26f7d,9.57156364871775
seg_702e03,3.715560471584001
seg_c6c29f,3.3926465560784997
seg_dd4594,4.334259312439204
seg_7c6c31,8.216008273332639
seg_1eeb8f,4.170577007209703
seg_74f330,4.4678737175932
seg_735cdd,4.220767421324801
seg_1c849d,3.4606177785496004
seg_b0bf65,3.837313541422402
seg_ff0f1b,2.7704705745067986
seg_8515fd,4.708779885039299
seg_6edcb8,3.649615930665099
seg_0fc67a,9.528454990089056
seg_430e66,8.207986940306997
seg_d6b198,5.538185743797899
seg_263fb3,3.6469500791871985
seg_51b68c,10.287968133766096
seg_57908c,3.749817498209199
seg_35b753,5.219607829497999
seg_f86c41,1.8650437712274015
seg_581fac,2.2488607564428
seg_7ed2dd,3.4608317948803
seg_007a37,3.6511533327519006
seg_d0c8e2,4.1101548023298
seg_185ad6,7.584317704033
seg_09f0ff,4.595434877982098
seg_5ef47e,5.514850882669999
seg_a6e801,1.8236744595611998
seg_2a0ace,9.712913706233518
seg_2fe382,3.280349756776801
seg_857304,1.7440497010572
seg_0b54ac,2.7502132134276
seg_d1a281,5.576952312350001
seg_6da1ff,5.415914685595598
seg_902bc1,8.630381844341635
seg_2700bd,3.9373275337662017
seg_a49ccc,3.070221360706604
seg_1eae76,3.876279528434399
seg_c20a27,5.012958974324004
seg_8cf573,4.203611768798501
seg_b3883e,2.663732874625401
seg_3fdae0,8.271345118093198
seg_f679c6,7.102397441185896
seg_0e3739,3.979789525099404
seg_0e8b79,9.936690689236999
seg_82ce27,3.826103768184199
seg_b853c1,8.168199526036
seg_6696d0,2.6955425739147
seg_490092,8.14610389537164
seg_5c9077,6.769320292187995
seg_31631c,7.252081990236004
seg_a93a88,8.791236212802067
seg_eabb2c,8.325505670213172
seg_a704ee,8.311203654819998
seg_b735a5,7.049703911705471
seg_0c1d3a,4.9785387187299985
seg_ada81a,10.901979772760306
seg_482745,2.367901947134899
seg_57b6c0,4.764513883861998
seg_50b048,6.164228430462498
seg_f48363,2.8526748906362003
seg_f69c38,4.182974820746101
seg_7efdd5,7.604429712909934
seg_2dc6ff,1.946011416929099
seg_b402ac,3.9287311685210993
seg_eacccf,4.464462609140499
seg_de225c,9.322466983803917
seg_ca67ee,3.334458922166698
seg_5d45db,5.206150137074799
seg_e9df42,8.424718851951402
seg_bb5e15,1.4449544841770998
seg_740837,7.102055101319303
seg_4e0c4a,9.166326462297716
seg_90c258,10.17570436366182
seg_941759,6.7073016077629015
seg_a56c04,5.108576870859198
seg_ef9105,10.506669479958003
seg_42c4c9,6.8520319090212
seg_dc4698,4.670608663900001
seg_3ec967,2.9152072162534997
seg_f43ab6,0.9981252481869983
seg_1e572b,7.942061530019102
seg_8bde47,7.534569871345394
seg_a68007,3.3732335004575997
seg_b91ae2,2.1495358262308004
seg_65b962,4.055681437552899
seg_bd2b0c,7.397689584540996
seg_105cd9,1.754082524169401
seg_aa508a,3.2916462864159017
seg_3f3689,3.908569476427201
seg_76f76d,3.733231506823499
seg_0dcc40,5.4920059745151955
seg_8866f0,2.7489615308056004
seg_63c13d,5.8100008795591
seg_c7a579,5.794417017981
seg_c0d7da,3.4266237030892
seg_e98217,3.2951255012606016
seg_bd629b,3.4965356495270026
seg_30da11,2.3513193989269996
seg_ce00bb,4.418305644538403
seg_7ef97b,3.744742108132399
seg_0d833c,6.494593605644
seg_9d452d,3.8314720420182997
seg_758ca4,4.366068392362401
seg_a05c22,2.5677311411789994
seg_e65e69,3.930655404290798
seg_659ff8,3.361208138571202
seg_885f53,7.213797756669203
seg_aabc52,9.558655786173052
seg_517425,4.117259701779199
seg_b6bdaa,7.464823229632004
seg_8c1760,7.097747859422801
seg_a420d4,5.128961215546398
seg_78db0a,7.871088458617004
seg_90ec68,8.761868193978795
seg_88a81d,4.492601889701304
seg_c5c455,2.136155198715697
seg_266c6e,4.4145385630536005
seg_fcca66,3.7283010874704026
seg_4d0008,4.392362458372498
seg_468bc9,10.349109329374285
seg_7a5243,6.958853129793197
seg_b8745c,9.20659517396145
seg_419531,5.643064691470202
seg_de3d5e,3.2415456994545
seg_70edf5,7.547233306279302
seg_ce5520,2.597934857101799
seg_85762d,5.524565744254999
seg_e30ef5,1.7716668469088992
seg_cf0e43,4.620094220149003
seg_89d8a0,4.1185845205908
seg_05a4ad,8.02988639043936
seg_c627fc,6.768356432353098
seg_53498a,3.7114830517400987
seg_80b9b4,7.278677874338995
seg_bce23c,7.091444658997295
seg_ced992,3.0702931656813996
seg_de4e1d,3.3818965662847003
seg_24e071,2.8327602682547006
seg_658bf4,2.1923246194646016
seg_32d747,3.0162029155486993
seg_c42490,4.1344979715207
seg_447972,5.504060605482101
seg_6fd5bb,7.270834256777005
seg_2c5e9f,7.633569098850317
seg_ef74dc,5.600691714897805
seg_c0260d,6.174698422772402
seg_23b123,9.407782903379434
seg_14f5f0,7.495745008485298
seg_bb6904,2.633058999733001
seg_c714d0,9.990147795601995
seg_07fc6d,6.8223983489377
seg_adf986,6.201270707632704
seg_670bde,2.9787011875359997
seg_87e4e8,3.1365548493817004
seg_f1a771,4.3726805836875
seg_546864,6.726270426349
seg_b0cf32,9.251130777118007
seg_b4f7a8,4.340603590889103
seg_d3f6b0,5.143455736547798
seg_dceeca,3.5053554454533056
seg_f0db55,3.033715891045401
seg_cea185,7.461004466904106
seg_5ed47e,7.850965178698248
seg_d0c280,2.169965554648598
seg_136695,6.405433198849204
seg_166f70,7.468575765112444
seg_4f76a2,4.062621035240401
seg_280e3b,5.1221340058116
seg_073696,7.9745159146932965
seg_26049e,9.270579691168624
seg_b52710,4.6296857424977995
seg_2e9a47,7.1569386465725
seg_5a947e,2.8945387066987025
seg_6df48e,9.607315366038009
seg_70e891,4.854873163736297
seg_c186dc,3.0864338055581992
seg_7f786b,2.6639562431811
seg_c01d9a,8.648796015174325
seg_58ea74,9.868180882491172
seg_7ce9cb,4.926677429325202
seg_e7d3e7,7.214490990044998
seg_00030f,4.764137808942803
seg_a31d6e,6.581647610663603
seg_b9619c,4.0266923836965995
seg_486973,4.257505038414001
seg_7aeca4,7.2151168419728
seg_d2f588,7.550595496692694
seg_76106f,8.110841382698858
seg_92b095,1.7884173695926997
seg_98a819,5.376380532457
seg_cf9a49,3.688243024376295
seg_750d20,5.673014091944002
seg_2f1664,9.529256545024893
seg_b284b2,4.5440496393031005
seg_226e60,8.23821608490221
seg_049957,6.565349084704908
seg_1cf1b5,2.1293285941317994
seg_e2b8b1,9.82942051715622
seg_580b65,5.841378732489301
seg_e25aca,4.002777364788301
seg_59818b,7.797502622962523
seg_d59e4e,4.8447845690277
seg_715e2c,5.933796026894498
seg_9122aa,2.9121872037944985
seg_279725,9.404469447499997
seg_c9831a,3.7437432195338958
seg_eb2e11,4.139066938344804
seg_1ece48,2.9984869741719997
seg_428d66,3.832156304795301
seg_2a2f1e,6.533102168710636
seg_342ce6,8.890735711593264
seg_310230,4.6504077117723
seg_35ee83,4.5748722682716
seg_24c1c9,4.5659344296187045
seg_aa98cc,0.29446526277919977
seg_3c4106,5.238019684017202
seg_1afa29,2.6696817766688015
seg_ea9fa4,10.767721456107997
seg_284923,9.912389142209973
seg_ab644e,4.7460779205555035
seg_fa796b,3.125599661267899
seg_2e88dd,4.794254033972301
seg_cd699e,3.3382148671398992
seg_5bdb47,3.0674989260305994
seg_c24946,2.2443284034120983
seg_cfed24,2.069327970562401
seg_fbddb9,8.911297953690273
seg_70fb30,9.737790729909822
seg_c11828,3.1301544521173
seg_5fe414,2.960841114567399
seg_cf3825,3.5588491546041974
seg_8e6a3f,5.9375543358624
seg_fb9b2e,10.263667007221004
seg_ea78c0,6.552459229289399
seg_19515c,4.916981275690206
seg_f70b66,3.8108665937133
seg_78852d,4.7121809799607
seg_0fd3ff,3.3062066768448997
seg_2bcbde,9.811276921571004
seg_f342a3,4.236256281067699
seg_d0598e,3.3678340367223027
seg_d29a4b,4.351076871766802
seg_d91492,7.4251908257295
seg_170a0c,8.935372339774696
seg_b35174,0.2948932516224997
seg_827804,2.167896352032999
seg_b7a8a1,6.380063387214699
seg_fd6340,6.824386904059997
seg_77bf79,1.8741840839438009
seg_b2b29d,8.164072376702798
seg_d2ad9a,3.347291904645499
seg_48a4b3,5.616550859671005
seg_96fa35,6.141636459220999
seg_69a53e,7.274826302523204
seg_ee87e2,1.8253144648303006
seg_8c1cca,3.9271717853302994
seg_0c247b,9.301150628547402
seg_1a8f0d,2.9035412831653016
seg_154361,8.194094948357
seg_016cdb,5.383767551415598
seg_b1b95e,4.7274788921039965
seg_003339,7.128814509117117
seg_76f3f2,7.430909643392401
seg_abaad2,8.046698341086
seg_65f01e,6.797696746711701
seg_ce5832,3.5057799466638984
seg_f865be,2.9946800867366012
seg_0d0250,4.0490589506028005
seg_de98fa,1.569965308804201
seg_cb806c,4.976100981590902
seg_dd8805,5.877231547949601
seg_22e509,4.355578800338701
seg_7bec10,9.147756576403001
seg_d89369,2.368346980483698
seg_1a0e94,10.745112599915174
seg_b8bb87,9.61754737468959
seg_055127,4.716547442180398
seg_d247da,4.0867908822422985
seg_d3bb14,3.5629103015033015
seg_02042f,2.846700864553
seg_9f57c4,6.048312761664801
seg_5467c8,5.442718767546697
seg_e6b236,6.3213959921819995
seg_830cff,4.226456951601696
seg_cc667b,2.905056795996298
seg_9802c3,4.854063335128999
seg_0b4b24,2.145749556019399
seg_26cba3,3.0921974850230014
seg_456149,7.7822868424316205
seg_74b3bd,6.9642758487095
seg_7f5b6f,12.149529772035894
seg_77dbe7,3.3231138588781977
seg_3d9aa0,3.441628454445099
seg_812a50,6.0449226159751
seg_3151ff,5.227678367975203
seg_c41d1d,4.048251435024599
seg_4b953a,2.3270550600286017
seg_ad3a44,3.1327938966464988
seg_18096a,6.344697044797004
seg_9ee0aa,6.818472492011997
seg_8bec6f,6.2643036523666
seg_f46cc1,3.8118338619493013
seg_c94941,1.683429311292
seg_6e98aa,5.0343144726973
seg_c5abaa,6.696521818228103
seg_dbc615,4.125668408899199
seg_ab9654,8.89511315397305
seg_04ae38,4.124335945379702
seg_f7290f,3.6025933072270973
seg_54d0f3,4.328728049944701
seg_41ab7e,7.311908151933199
seg_f1b916,4.816313666197898
seg_eb47a9,1.9215121308638006
seg_8f1127,2.5102143377434
seg_be30ce,4.056846863039599
seg_e60719,8.42308593218572
seg_727fc7,3.0399923557300985
seg_29c772,5.4942110481987
seg_9d2528,3.173758006589298
seg_bdf84b,5.720857327915001
seg_74ce61,7.2484584120001685
seg_81a8ea,9.461817353870845
seg_3c3ddf,2.967272671202698
seg_2e50fb,1.656357552516599
seg_58e9f9,6.7386268945065
seg_da7c3b,9.1621454894405
seg_2bf9dd,8.95839030536482
seg_70991d,4.085370741404397
seg_2977cd,4.117883073618802
seg_84a65d,7.9945904597341215
seg_151d92,4.467894430199996
seg_9a9041,7.081648498972175
seg_ee8f87,5.199554062326498
seg_7211f1,4.857587990756099
seg_a009e6,5.192220756879003
seg_8fb29e,8.870536683020202
seg_53e645,5.049639773893993
seg_83f928,6.469050316387001
seg_827a21,3.426795969548701
seg_3cfb73,8.06453027632648
seg_bfdd14,4.428769096625001
seg_fc8fd6,5.991426123617404
seg_f96d5a,7.353626641149602
seg_691a72,4.5191187610466
seg_2e64af,2.0228641240598018
seg_dca2c2,9.595931491123585
seg_f4ad4b,3.5970079636979015
seg_8da61a,9.980565483118895
seg_77e7bf,2.9992980503115017
seg_1db443,7.233914783888281
seg_a61e1c,6.573076241125001
seg_dff078,5.146882702056104
seg_14ad27,3.3980148636579006
seg_fe5945,3.2337748984397012
seg_5e1bba,5.037277784614401
seg_eccb17,3.043507178927102
seg_c146a8,7.4078243470529035
seg_98c44d,4.078604581372501
seg_3e55d5,3.5033506699413
seg_b36650,4.033245099068104
seg_477c83,4.255272601247399
seg_a543e5,8.177488800834588
seg_b00f05,5.825689615798106
seg_3fb24b,4.8700435555917005
seg_caa919,6.9148830445529965
seg_32f72d,4.735983906752502
seg_8f6284,3.8550601297018
seg_1e61d6,2.0626293997787006
seg_1a0eca,6.804691092169304
seg_1cb942,8.075000645289283
seg_2a0dc0,8.09896799736817
seg_7020c5,6.730901460781331
seg_9d68cf,4.002957212074897
seg_153d6a,9.5658239552642
seg_97a161,4.566134747748901
seg_500c80,7.487538705024402
seg_1cd352,4.058644548541001
seg_6f2222,2.1122641171110006
seg_d83890,2.0770822280892
seg_414d0f,5.657857359130802
seg_288001,4.8125116701853
seg_7d88e3,9.794590690289997
seg_cacd0a,3.9882697825003004
seg_389906,5.4580600688322
seg_f48db9,3.5335825420855
seg_0d04b9,4.590930835938103
seg_0f565c,2.844855802679
seg_d78e7d,2.994248733034301
seg_96642e,3.187941210565301
seg_d1fbb8,7.676466700004677
seg_a8e6df,7.114410327822003
seg_a6959c,8.303519917155999
seg_75dc3e,3.1419020614053
seg_ae3d92,3.8435972516756
seg_8dfd7a,1.5815258119337992
seg_813aab,4.110395542468501
seg_2a0afc,3.9843108441119033
seg_94c48c,6.9071758787197055
seg_138807,4.127683428329201
seg_23f823,4.180491298508302
seg_19b9dd,6.5988437891490035
seg_8a6b0e,2.3680236337235008
seg_ca88e3,9.872375843079524
seg_e7d1f8,3.2078456549219014
seg_1a8f2c,8.749368908634192
seg_8ebdea,8.910301788763666
seg_ddc800,7.7454573603519625
seg_03d680,5.1053428100383975
seg_e3ca24,6.712446880240998
seg_0be6ee,3.097571692440601
seg_d32f8a,2.822258166522001
seg_e37b8e,2.1819910091133017
seg_5c530f,2.649804853329
seg_1c904f,3.129835306433701
seg_dc5e63,3.1171182968541
seg_a0a423,3.618687802750001
seg_755d50,3.320842431413199
seg_a0646a,1.4167345013947008
seg_b58542,4.388315330035301
seg_38001b,1.5552152732245994
seg_6d36a1,7.904214039264689
seg_0b48c4,5.328722806978699
seg_9b44d2,9.748424133765997
seg_8f592b,7.4921342451819966
seg_c3836b,3.121683799555699
seg_f6c928,6.618029549057002
seg_4b4ffb,3.0154504703081995
seg_5c57a8,1.7801761273544
seg_d63175,5.063200530690899
seg_5b8c39,3.168074043517201
seg_fb11ba,5.972971340540697
seg_2f8f6d,10.916572920623546
seg_8d5113,4.934286214766698
seg_3d059a,4.2239288082799
seg_122ba9,3.246729849512801
seg_8ce632,2.9502079521662
seg_7120ac,4.295805162043002
seg_f6e1ca,4.517669543760899
seg_3db0a8,4.8532042611211
seg_fb8af5,2.3686468292633998
seg_9a81a3,6.500915048325204
seg_9ad925,7.161250751582406
seg_e27c0a,4.300866086470101
seg_7d2535,2.514329367953398
seg_55d50b,2.7565069410909033
seg_572172,7.450218649348897
seg_cf25d2,3.3762352639424007
seg_cf5764,8.522007352733707
seg_ed52ac,7.001278603967652
seg_39a886,5.966169774896
seg_06d7ba,3.4195740212107997
seg_45e7ad,2.285761853747801
seg_e80726,7.033886563458001
seg_29022f,2.215563608463199
seg_a674d2,7.821212529224304
seg_570a20,4.681127139509998
seg_6e572a,2.958071265921399
seg_9825e0,6.528043358285901
seg_af1650,2.628091622285999
seg_a00985,3.7486519700651018
seg_56e3e7,10.535512628311622
seg_8cd159,4.493120611934597
seg_42648c,4.5280644724506
seg_490d6e,4.861860882390299
seg_51f0a2,4.122885838851599
seg_e15cb9,5.7721595798258996
seg_2f9336,6.067770930056596
seg_76e914,3.4280666260986004
seg_c21d60,2.728228704693001
seg_c703be,5.865793618759301
seg_f99b64,6.296786235538701
seg_fea3e2,6.325081974655567
seg_5e70a7,9.570112852124906
seg_2e2372,5.4195660482956
seg_f056d8,2.8417279730352982
seg_7012af,8.491933293180734
seg_ef47c4,7.3430195697690985
seg_c6f533,3.4755407176867017
seg_cc7e39,6.123454239797398
seg_12ac20,10.0401295906404
seg_4ad674,3.9745546936655
seg_7949da,3.1933644240952
seg_9ae1a1,9.354350551884995
seg_9d1b26,5.113615617330801
seg_dc73b8,4.0370144417045
seg_6b2ce0,5.957332880705901
seg_97d9ed,8.738337565749623
seg_e72f10,7.601695666596002
seg_13468a,6.731479874947499
seg_137f8a,6.547016891410342
seg_59cfdb,8.119731228835736
seg_3d19fc,3.551301500542898
seg_4eef28,9.006634657094605
seg_651808,4.128578785038203
seg_741fc1,8.068689607441
seg_d16534,5.4706843556110005
seg_9bd388,7.770100032179008
seg_b568c6,7.531528740229999
seg_c20c06,2.3214907341535995
seg_f43730,8.185891596488
seg_9a43ef,9.956029388344001
seg_204dc6,5.3589677498149015
seg_ee1cfc,4.292158040491798
seg_a06228,5.3596622328643
seg_83bef8,4.548930658041396
seg_592807,5.955400107744502
seg_ca44a8,3.9044298424519
seg_49336f,2.4593990829911005
seg_4435bd,3.897565984554201
seg_3d06cc,8.67149639245418
seg_2dcd84,8.703754207982767
seg_5407b0,3.3985155931772018
seg_708349,7.914688622428635
seg_158691,4.1694168235111
seg_a99161,5.020227259276798
seg_91607c,2.7903897175415993
seg_ffe7cc,10.947422469553347
seg_3fc7ca,9.822596011052674
seg_fd374e,5.040805821230504
seg_eba22d,8.393658781090005
seg_266805,2.8754978794991994
seg_a87e79,2.4811032180407024
seg_d668c0,7.2944408887610805
seg_eebbc2,5.1454953532318
seg_74fcfc,10.284857121400284
seg_db3446,6.397845243400001
seg_cc7a19,2.9152208720248023
seg_27ff17,3.748048167913601
seg_692e7a,8.032412698199003
seg_e5b510,2.482606255049997
seg_9ca72e,3.457973287604398
seg_a133bc,3.9367209484029018
seg_86720f,6.416840933098732
seg_eee89d,4.296055928711
seg_bbfd4e,8.526575596163594
seg_fbd66b,4.929964264591701
seg_a802fa,9.733035836251
seg_f97274,5.3254379026271
seg_e9272e,2.2642793350319983
seg_a80123,5.7508536766158045
seg_3aca44,3.708452538869598
seg_fb00b3,8.819433823938699
seg_8d6578,2.402464673960799
seg_f9eea3,4.608129548471099
seg_af2472,1.9570702445944996
seg_07f8df,2.8297882026488996
seg_4adeda,9.85198615314399
seg_aed434,6.963373903926399
seg_32906d,3.047794278049999
seg_92a5f1,2.9851640755666007
seg_848695,1.882413503620899
seg_79e301,4.2757651102272005
seg_e3005e,2.9306030052860006
seg_91fc29,3.5478907520599976
seg_30207d,10.017656713332265
seg_74dda9,5.504911239531003
seg_718b53,2.746815195986199
seg_103b32,4.660369487681698
seg_8f5589,7.5776995208591185
seg_84b9d9,4.860605528883501
seg_3a8a76,3.227830195713999
seg_53103b,6.0367227435472035
seg_e90c0d,3.623830452126299
seg_c0ea9f,6.924647329257003
seg_289d99,1.5537483059598
seg_9e3837,3.0491921533408983
seg_423ebe,3.8471112459343004
seg_507065,6.280065523547396
seg_c8459f,10.465036013101997
seg_4d8f0f,2.120981271376599
seg_06bbc5,2.8731409318289995
seg_2f86cd,3.7058279556657006
seg_7428e7,6.8031395436989985
seg_4a2525,9.919501950644662
seg_660fef,5.798646047846697
seg_6a05e7,4.387333790522799
seg_9c3d6a,6.774247754740111
seg_b917b5,4.8637023102849
seg_a0979e,5.578429482151998
seg_95644e,4.211526916890899
seg_f83d28,2.677706308723401
seg_43597f,4.361144583392198
seg_8a8375,7.207684503404059
seg_032822,4.123318520568597
seg_91eaeb,4.912577467132504
seg_c0c0ed,5.3132613739954015
seg_36e32d,9.93505851309958
seg_6dac5d,12.078814520283006
seg_54490e,6.9869451620350045
seg_91cff2,3.377430708105999
seg_21faa9,8.935056965202746
seg_c607eb,3.3414711811841995
seg_66820a,5.8040404851544976
seg_e8bcde,5.069595567358598
seg_4e9646,6.821457060467999
seg_e256bd,2.5335014760264
seg_ff7478,6.252176800029999
seg_1c4e72,7.995141519681003
seg_bcf2d9,3.440015232252901
seg_bb180c,4.045886721057701
seg_407b2b,5.860716663638901
seg_b9bdd7,3.8808706440056
seg_81c1a6,8.966511947889702
seg_edda79,8.027489574874998
seg_db694a,4.8349401086384995
seg_4e3bd7,1.3815568061505992
seg_919c5c,3.0646108831221994
seg_151368,7.164344822297099
seg_fbce13,3.2371523095086
seg_be0dfa,6.637808877452
seg_a99799,5.550564016267008
seg_3706be,6.780908557005862
seg_c23429,4.281494074803203
seg_e3d751,0.29925834109059984
seg_4f5931,9.613734504684587
seg_5e0902,1.7985471800086013
seg_2d427f,1.8942316317371988
seg_2a8351,2.378047719217901
seg_b80366,7.632216516114172
seg_8826f4,2.271392083578702
seg_d1a2b9,2.872833417058499
seg_01a8dc,5.714663013131603
seg_ce46ba,1.709877634881799
seg_47a48f,9.506938123603806
seg_7cd6b1,5.030277329302002
seg_6b9511,6.917145716855787
seg_f30f0c,8.705127066567986
seg_8dfc7e,2.217057717454402
seg_b32d1d,3.4579981591273974
seg_c5064e,9.032467446032
seg_1a671a,2.864687387897898
seg_b6cb2b,4.285719703089502
seg_0d6d68,1.8939780244661006
seg_a2fd8b,3.836749109826999
seg_cc4932,10.222009958536598
seg_8be2da,8.0870097322586
seg_f579ba,3.9247261318602
seg_72f40a,8.2240163412118
seg_e52f8c,5.103326745556402
seg_8baeab,1.8566023487109988
seg_d356ab,3.4371413826909007
seg_079e34,4.176227057615698
seg_420d4e,6.717934151827002
seg_c7b424,7.386821105938606
seg_69787a,8.925770308901203
seg_cf74e8,2.9911167804056014
seg_e34052,1.9651131741701002
seg_dcf242,6.723527477457001
seg_816b7a,2.8706084498985
seg_ff1a62,8.952697302763445
seg_1e0b82,6.917723100987348
seg_d516e3,7.1297329873505
seg_9b7f93,4.9675293264723015
seg_87232d,5.709313200306799
seg_8d030a,5.574313109575997
seg_a6e99c,3.6946734322010997
seg_edecaa,5.289527839766398
seg_5e020f,6.314569660201901
seg_8681aa,10.069411467834001
seg_b95a77,8.894473325987388
seg_3631ec,3.6756140515748013
seg_59de0b,3.0229024791249994
seg_ee4ae5,1.9541572476597995
seg_d86eb6,2.855269016776499
seg_7df3dd,5.362035221814
seg_f80e44,4.2187488779796025
seg_301c1e,4.541158405453703
seg_03d386,1.1247639159595
seg_55a0c3,3.7093486508018003
seg_efc5fb,8.788412805787248
seg_bf58ce,6.985773869534004
seg_34ef79,4.528409168557999
seg_c42952,6.1871522338208
seg_4ba3d1,6.771615713590453
seg_613702,3.5513419934594994
seg_b08e9d,10.836642205388003
seg_4848e3,4.440369987511802
seg_5eb380,5.242429402847498
seg_18f633,3.380996730950299
seg_ebd77b,9.846090039427365
seg_77ea14,3.830990114414401
seg_6e12ee,4.847942051687797
seg_abb06a,6.3181716120452
seg_c654e7,5.538686115437307
seg_115617,4.2328414746264995
seg_610379,3.2470351099371
seg_e481c7,8.987758152799287
seg_cc4199,8.063304588202508
seg_335170,2.0109213583456
seg_aa0180,2.4569601562613967
seg_55239a,5.637986690336601
seg_c179f8,4.294290977156201
seg_ba3c47,5.333917201263397
seg_555f63,3.340200998673401
seg_b378bc,1.5368089362131006
seg_3f80ef,3.115983124374
seg_94ecad,7.9246028895064216
seg_c747ad,9.748958841223995
seg_e405fe,4.6195407861834
seg_f01368,9.863390337592504
seg_98c544,2.9573611296957
seg_29d497,5.711098755124797
seg_f6659e,4.3950964121992
seg_2396a2,2.3994673917113003
seg_b4c040,3.651537658839698
seg_4fa87d,8.03921973155504
seg_d27812,4.070769562428999
seg_b853f8,4.2469926215166005
seg_acf2f4,7.574940824227897
seg_4e2c66,2.4499793269935988
seg_e7ced6,9.30383774419729
seg_222c5f,3.1875304063009002
seg_0eb333,4.3270282106094
seg_ea4d3a,9.34230296389702
seg_566efe,10.310793691483111
seg_907c52,3.3436600916368
seg_e8a2c4,5.827717837192001
seg_2fb672,5.906075469295349
seg_4dfa03,4.662645705859801
seg_75a878,5.347824575531499
seg_72b68c,10.936865830481674
seg_f19f8e,6.511063193318101
seg_6f60b2,3.4382246449089
seg_e8d02f,2.1047076033285994
seg_a4208a,6.242822453514996
seg_1010ad,6.605257195009599
seg_0d13a7,5.041212171187795
seg_db6d5f,9.650644449334699
seg_ade769,5.723863681967
seg_d4dec8,5.983713865872997
seg_8d135f,6.517783846536802
seg_20cbac,5.8315887825317
seg_92310f,6.243356158359701
seg_03f380,2.5131401852899007
seg_c26fb4,1.4513223573747005
seg_586726,4.183889684758301
seg_ed7dee,5.4498227825184005
seg_4c4995,6.505660965654399
seg_f165f6,2.332250212138601
seg_bb2d77,3.211685158197802
seg_b9361a,4.012402582883
seg_a6eed3,2.6799628840188
seg_fad815,3.726478668841901
seg_9ab405,4.409018123078502
seg_a25c46,2.3936359030840983
seg_5e7abf,3.1912015653569976
seg_211486,7.36587656960605
seg_52c139,8.078484131026311
seg_cdf88e,2.8526030980513983
seg_73b0f7,8.4435660020586
seg_9757ac,8.812434934189397
seg_76c2fa,3.250042499995301
seg_9e8ca4,8.739050730037198
seg_db606c,6.474185163231405
seg_e30e44,3.0165002375039984
seg_f67ce2,2.5334862113904997
seg_c5325c,10.077667469076362
seg_64be91,9.793498928425594
seg_7b5f90,5.6400670508735
seg_9dcae1,8.2796535926304
seg_d9a2bb,4.524490005683099
seg_aa7a4b,3.5287136900598
seg_2383c2,5.146610982266199
seg_b9365c,2.8561343832698
seg_20e9ad,5.233474569088995
seg_d6ea73,3.4524075467952016
seg_3761d0,3.6931175724161007
seg_0ba210,10.002601186657698
seg_b9ad7f,4.139752150989701
seg_20a990,3.197297347231101
seg_496dad,1.5140950883806006
seg_5a0479,6.378539697578003
seg_c05a7d,10.61156818454195
seg_92bd37,4.5159670352585
seg_eea20e,7.848159043795542
seg_5f24d3,8.082189476819996
seg_8a41bf,3.7920774376012
seg_dc6e94,3.8255536061090027
seg_04b87a,7.366871164591999
seg_be65f2,2.9535073682906012
seg_be62ef,5.422746820752496
seg_211299,6.615220584529001
seg_d9352b,8.786841148063516
seg_6e12ae,4.825302002455497
seg_725e84,3.014281761464302
seg_a35c82,7.186569935789557
seg_8fb0d0,4.7544114405325
seg_70a60e,4.257575459796603
seg_b31961,2.5904452051833995
seg_16a270,6.938155409459279
seg_82d7b6,3.7025471163002015
seg_7862ed,3.0877920553209015
seg_070bb0,3.415488095702002
seg_ec973c,8.318712440681557
seg_d44589,3.1892342510475005
seg_e4f203,6.2041944777769995
seg_161aeb,7.543797087063799
seg_dad4f2,4.909898439109596
seg_00a37e,3.5344286738492015
seg_8b798b,10.6426478843786
seg_739643,5.541580468163995
seg_75c34b,2.3127625381631005
seg_e47d2b,4.2322929943386
seg_730ebe,3.0769601142800007
seg_ac45ae,6.165550517516201
seg_1d980f,2.4808339513828006
seg_68102c,7.781878922489522
seg_f8db0a,4.734019721894298
seg_89f975,2.189249123746401
seg_d5df41,6.165226902938304
seg_25e76d,2.9568814036804993
seg_e48c23,6.833893699667405
seg_725772,7.944965898227386
seg_9f042e,6.624733496441099
seg_51865e,4.970710059099402
seg_df8385,2.0574977441751003
seg_87a616,3.6729513802200016
seg_b197e2,4.920099479571202
seg_b50239,2.5741949787366996
seg_e00465,7.798911798943429
seg_bd5022,2.0886968707993003
seg_63c8e4,8.947989163300003
seg_705463,4.736202672438001
seg_1fc7ab,6.246123807704601
seg_c267a5,3.890645858648599
seg_9c8bc8,5.696619509637902
seg_d9dab4,9.951752735888538
seg_48feba,3.4695180517329987
seg_854d91,7.066156787455699
seg_efbf3e,4.414545502627998
seg_ed7f69,4.2072404175433995
seg_d5d3a1,4.249093100026399
seg_aee7c0,8.791214124034498
seg_58e74b,2.049733768307299
seg_19b08e,2.196673983755699
seg_e0ce38,5.318726492359596
seg_f734c8,8.640714361892405
seg_f93ce5,1.0988419781629002
seg_318135,2.8673101658327997
seg_6f650f,10.118097121819003
seg_179d90,7.700454728932998
seg_c5fc3b,7.885304545933102
seg_d795ab,8.371093122847004
seg_ce7537,5.258817494147601
seg_ddddf0,1.936422259335301
seg_76d16c,7.551549407329003
seg_304b87,4.043021364532803
seg_dbf3f2,2.494621364603101
seg_7d17eb,10.22874311833773
seg_47d374,4.845678481182598
seg_6dfab7,3.082042663666401
seg_d14524,4.8071177917642025
seg_f2ae5e,5.732209584123899
seg_04cceb,10.122182336647993
seg_54af0d,1.4515122122735997
seg_c6b514,3.2759644041091
seg_6d4109,6.523092556092235
seg_aa1adf,2.254652136908798
seg_766e42,2.8237396472592
seg_979a8f,2.2815605622880004
seg_b8725b,2.932718557931401
seg_acd715,10.548609736856367
seg_35dd45,9.315051773571858
seg_68a484,10.323690339135174
seg_750244,8.263427555842597
seg_762188,9.798813528604239
seg_ada42c,1.8954925624580001
seg_0c4e31,3.6227683291626995
seg_71b4e0,3.527836946506197
seg_484901,3.695918987179101
seg_596ae3,6.1074810747282
seg_8200d2,3.949728200284004
seg_c65135,3.4745456536795025
seg_fa4df0,3.8482739455136987
seg_6b9d02,4.274408943373801
seg_0012b5,6.138227913170101
seg_f6c0cb,3.3213431690879003
seg_8a7201,3.5864955526824
seg_53a5fd,7.371670562714102
seg_f639cd,7.717626319752001
seg_0a42ba,6.461952616135896
seg_3bc9ed,5.079518741076701
seg_eb32bc,3.1080989222911
seg_ae3388,7.307407523671502
seg_f003ca,7.467082358062999
seg_a35e7c,9.438503029676003
seg_2d3828,4.9087663106144
seg_cc4950,2.7188509615539997
seg_a2986f,7.123377893618863
seg_c47bdc,7.531349116636202
seg_295b1c,5.440250744809625
seg_287fef,3.4007159387902006
seg_75211e,3.228569276413401
seg_c15d21,7.528833309284194
seg_ebec3e,3.8256170053452996
seg_0c89ce,8.232123385336106
seg_3f5be6,4.1214460502086006
seg_f5e682,3.9521748717153016
seg_1b08a4,3.227592931367499
seg_2f60db,9.488906870589382
seg_9a7d1d,3.4135978338886996
seg_3d6e79,7.1390466936790995
seg_89885a,3.710132771357901
seg_7630c5,9.474632953667566
seg_ce72e2,2.5592429306619
seg_746d1d,4.695382954841998
seg_56e6f1,2.8349086965005
seg_911066,3.211126549073399
seg_944c98,2.9664801033520005
seg_826208,7.445700686793999
seg_da21ee,9.986754986507103
seg_f639ec,6.791835855663208
seg_2abd33,3.6510775806450977
seg_e86f77,3.0898085183532986
seg_8dd2ab,3.5107337351422023
seg_15adff,4.732750558759602
seg_1dec9c,10.241453253530272
seg_cc096e,8.34516847496852
seg_661629,4.473487757952299
seg_46c6d3,10.516257787886005
seg_23fe27,6.460967859149703
seg_1e617a,2.5301429316829003
seg_c17817,3.0678850038768015
seg_709d08,6.5981318143163
seg_3ce740,9.078543920070551
seg_4c12b2,2.2719297698449994
seg_934087,2.6630651700887
seg_35ba8f,6.794366111425761
seg_3d6aac,7.587221500601001
seg_abda04,6.780501955172705
seg_e66697,2.446317178131799
seg_0775a7,3.943250890902699
seg_b2b331,3.4224012149223
seg_0df75c,9.691686536154537
seg_462c1d,8.668281982911882
seg_141f34,10.05828140617517
seg_ae9626,3.464729607851199
seg_758374,3.0780580620631013
seg_67aa76,3.5895399177864005
seg_655ad6,6.904701402230653
seg_00c35b,8.019323125889837
seg_361f5a,7.693316812823352
seg_a1b3cc,3.3983886075199985
seg_1fa983,3.3945719961425995
seg_b87cf5,8.350329443038707
seg_c9481f,8.629990685626295
seg_f1f5b9,5.221654720613202
seg_67330f,6.172824687628
seg_18d1d0,2.5591628097152013
seg_d9750c,3.9642754594793015
seg_e29670,4.455697810754002
seg_739679,2.3347842012354
seg_a99be9,7.982573164149999
seg_5165a4,7.706637653813903
seg_00648a,3.233021554625201
seg_264c7d,6.18351505220895
seg_1f5240,2.725005183739199
seg_259c63,3.311048601153096
seg_d19980,9.2370260005215
seg_c0e1b9,5.5882303690005015
seg_62331a,3.7531889449324027
seg_35a2d7,8.166932082696498
seg_2cadc0,6.374426585970498
seg_232559,9.234351007780205
seg_9d7490,4.677301010872397
seg_ff79d9,3.1686455247697007
seg_bc2186,6.7741257049520005
seg_75eb90,9.464107846911098
seg_063865,4.3682429937578
seg_cd352f,8.930433824869256
seg_d1ca05,7.756068329486223
seg_257b8a,4.616444410963798
seg_0a45a1,1.0341748200601997
seg_655780,2.343775788676202
seg_263deb,3.688657430585601
seg_9e8323,1.8793096183277016
seg_b1fea8,3.2900148115730996
seg_07cd72,4.201909456511197
seg_79c47a,3.9957843197417025
seg_49fdf0,8.819852699324
seg_238242,7.5100212762870004
seg_5d92af,9.290680693468083
seg_b69455,8.507867685151068
seg_b687fc,3.670642722430997
seg_ed7741,6.631987546962945
seg_70b375,5.038314687181301
seg_464839,5.763763704791601
seg_aee9bf,3.652785412232
seg_e067ab,9.374413316136776
seg_3e87b4,2.4482801748464
seg_51f6fd,3.6823996977617997
seg_f741af,5.2098435289144005
seg_3452b2,5.467981770463399
seg_c10a58,8.350383656042602
seg_c047b7,4.697892124305603
seg_f5a4ee,7.760318428764998
seg_37669c,4.836436622069398
seg_a5dea6,9.671843842999996
seg_ec73d5,2.7591301065286
seg_bd4d30,5.630483168802
seg_652cc2,3.6630452152096016
seg_1db8e8,9.106964641634422
seg_5f0a92,4.163257300030501
seg_04a696,7.4241356716562015
seg_fe73b1,8.225588534239103
seg_170684,7.803071495972498
seg_f24292,5.0581086673188
seg_60ab20,8.755748742838495
seg_3865bc,3.5150048185280998
seg_50a667,3.2070984203867003
seg_b5804a,3.5405703540379005
seg_24ba8d,6.0895553158233
seg_c243a6,1.6077540999519995
seg_f7de40,6.909640931749502
seg_25cca7,9.877416062424459
seg_d24095,8.7188755766021
seg_a9f80e,6.938125719242002
seg_5495ca,2.3663404745077012
seg_c27591,5.163971437448798
seg_ee7224,2.028527691488899
seg_0ebfd9,7.493814476165609
seg_e0c329,3.0993126093697
seg_77fe77,6.087000730417303
seg_268249,5.2834464689223015
seg_3b95dc,4.122336392576099
seg_78ded2,3.366362396151299
seg_08f441,2.7236819169731996
seg_850d95,4.233226293834698
seg_1b1ad8,4.938339559731803
seg_31d810,6.647745152186004
seg_43c6f4,7.1056326800819996
seg_30661b,3.9281907937193963
seg_3f3983,6.229783335127004
seg_0e4833,10.431231137543078
seg_74537f,3.785696199009001
seg_4280d9,8.906370012680252
seg_827c07,3.442083004236599
seg_9bee43,2.5597866840764003
seg_ad949a,2.0179900038886003
seg_3ba485,9.337251880427807
seg_fb1f5c,8.925747019840651
seg_8ab3a7,2.0888998448489007
seg_fdc1d4,3.2083791537988016
seg_6a26de,3.0100699850712003
seg_47fed6,8.120564856641998
seg_d1a8b3,2.2795216353422005
seg_71f571,5.530676033045603
seg_beb650,6.638483354191002
seg_168d1c,8.173788215557714
seg_26a2a0,0.3032643536193998
seg_adf94a,1.3497593207213003
seg_496d07,2.6141329581839994
seg_41be18,7.503402169531004
seg_585872,9.248679894892707
seg_f6828d,2.7350093625679004
seg_d4ea17,8.203367749964004
seg_6dd0fc,3.803187077669299
seg_0a0fbb,7.4309916973015575
seg_dcfb4b,10.928377875599955
seg_853302,7.9337334935826025
seg_d1cb37,9.092285669121084
seg_4ae37c,7.274915897725203
seg_6eb146,8.777431406516843
seg_c3f672,7.6837955027764
seg_9a6025,8.325921614663397
seg_9872f9,6.206915259525402
seg_b1a35c,6.837363277468695
seg_d2db6b,3.711865718473698
seg_8456d3,3.4189938649105973
seg_0981f3,1.9983978379064014
seg_2d7cc4,2.4418055663253995
seg_8777bd,8.662178569158387
seg_eefd4a,2.044190738275198
seg_a7e49b,6.3614475521364975
seg_a4ad7c,9.852113027425798
seg_25c8dc,5.975853115932998
seg_a436bc,10.278649760768994
seg_3a22ac,3.654132550378504
seg_225320,8.750223711815545
seg_0c3943,3.2026221465013016
seg_3ae4d9,3.425056898366598
seg_e3dafa,9.471990377658269
seg_1f3ede,2.812722016172001
seg_ecaef0,5.146487331841802
seg_f0ce4a,2.878179581133501
seg_ae9761,8.507328316872274
seg_1144bc,12.949023105706997
seg_46b84d,6.938949748255001
seg_f34877,7.0383690785794055
seg_f95fd3,7.437676592097001
seg_e5deec,3.6853628988999962
seg_d6b546,8.491561376582105
seg_32f6df,4.627253839009102
seg_a39f3b,8.057608687479128
seg_ba1d68,4.130399862250402
seg_9ddc99,5.06603992103383
seg_633651,4.229045652585797
seg_512b3e,9.021361153834805
seg_355717,3.9490123704786013
seg_73ab4a,4.535866997544
seg_fd8add,7.2220753587184
seg_355d19,9.147862489252155
seg_b108c9,4.1174081549068005
seg_b8b72f,3.5734557619052
seg_6ac67a,1.1863732994073
seg_36b77f,9.35432053066716
seg_38ad16,5.2959778391994
seg_31b808,6.288187814613998
seg_d508db,6.572972656145002
seg_a45455,6.139883622355
seg_1bf7b3,2.470523950893
seg_5b7325,4.105401768277402
seg_5e541f,1.8852959067272002
seg_5f352e,2.7523820237688987
seg_7fac26,9.438881033444003
seg_78fc4b,4.9819658119355985
seg_762be4,2.4129483823114004
seg_88b289,6.1685050375687
seg_836ef0,3.1254909750640003
seg_f229bf,4.769040658034605
seg_1562cb,7.826326941546175
seg_0fca83,3.712640062304502
seg_b44c2e,7.116576595812201
seg_06b8c9,4.270109732042607
seg_d320f5,5.911894638746698
seg_36147d,3.101313561363899
seg_6c309f,5.1711165479184
seg_e0cfd4,5.748410435307002
seg_d146a6,2.9305521977513003
seg_750e7e,9.196956577831598
seg_dbbb44,6.194153961466197
seg_9a7c46,6.1735222236739995
seg_3cbccf,2.8588038699443006
seg_529c99,4.8948253196532985
seg_4743fa,10.791230347380408
seg_77df38,9.009819862585996
seg_e8ac98,3.600722868722304
seg_f5d2dd,7.648744483505069
seg_6f9a98,6.892744185584198
seg_20b8d0,5.206176303677999
seg_511d25,6.7370788638170005
seg_dc7e0d,2.834076425411
seg_3a1600,2.4747792271104996
seg_8b39c4,9.3078426050144
seg_e3e762,7.647973881604401
seg_4cb9c6,2.5268742801255994
seg_b7eeb6,8.7231177849942
seg_9c8162,4.259404452013999
seg_686edc,6.1766349321130045
seg_d21eb6,6.907966436430002
seg_629822,3.763685012850901
seg_750c93,3.6355991738589015
seg_2367fb,8.276044695426258
seg_1a791c,4.854664803901199
seg_947700,4.844798596988702
seg_18fb65,1.7892535369418006
seg_7b2994,4.535248586724402
seg_d36342,7.8566213857306995
seg_3c8545,4.610741503567903
seg_0f74a3,6.6593539044376
seg_8c1e7d,2.385817753275501
seg_8509db,6.608424588132399
seg_ac68bb,2.8789493857634003
seg_e1f081,9.016442718921496
seg_d2551a,8.456550431848685
seg_ab001b,3.1866318254130004
seg_0c9aa8,8.904022608117707
seg_ba98dc,2.4162517182450993
seg_f57ca1,11.432557148159022
seg_1c929e,2.5959420842775
seg_966f3d,3.239490629680499
seg_dc23c0,8.509069772414042
seg_46a42b,2.6991913564203003
seg_ca407b,5.256007872233903
seg_b51b7c,5.549566793057998
seg_b947ae,4.642630588667199
seg_56ebc7,4.5563307596634015
seg_996c37,9.720726754684165
seg_e197b8,4.3019323603111
seg_ea9d37,5.528405158575802
seg_71c9e9,2.0095488984749013
seg_9e61da,2.5737132637445024
seg_be0cdc,3.105447575297298
seg_3a80c5,6.137583466027799
seg_6de4fd,10.214090738049387
seg_98f624,11.153339491057002
seg_845a2a,7.681656971054696
seg_a5934a,9.62927068621152
seg_b9d8a0,4.876236431893197
seg_04fd93,6.935595522246099
seg_4ad5a2,6.081204757026301
seg_3bf9ac,1.8923089729469007
seg_e10d3b,8.91754247448899
seg_4729a7,5.886510058693999
seg_c81fec,3.695146848077798
seg_d7a805,6.197223024935201
seg_6968c8,4.026677040269305
seg_660fe1,1.7570539781300019
seg_e81b50,5.7845310213529
seg_fd19b8,6.588005073155204
seg_f0d278,4.425916198660398
seg_de9e32,10.123176923904001
seg_f21bf4,6.520618789910799
seg_117278,2.809042670752201
seg_af959f,7.357126882556899
seg_9a92db,5.7215698255062
seg_2cac57,9.920740314776692
seg_2b2cb3,9.432689243585711
seg_c5c6ea,4.244937263131302
seg_3661de,9.12961656373563
seg_5254ce,7.755390286827706
seg_10a595,5.454024413717301
seg_75ffc9,8.542422524033999
seg_8f3dfe,4.680459538112
seg_774ad2,5.610515540380998
seg_025e78,4.727123027083098
seg_3af649,5.420781025794001
seg_09ed4e,8.250518856830602
seg_961d02,2.5719157909102996
seg_b88baa,7.248457883048998
seg_bcfad6,5.1509841421591025
seg_4db997,1.9222365745751993
seg_f5406b,3.3230551028891004
seg_01c775,8.085615192542594
seg_42e7e8,6.951184847464207
seg_29acb7,2.9848476050636985
seg_931244,10.359384150133003
seg_e6e24e,6.187555383331601
seg_d11ca8,8.4365198547124
seg_06893f,3.7597654100523035
seg_6b3a9d,4.3226250090589975
seg_d1eee8,10.646746789338994
seg_d7f015,6.1406849103148025
seg_d62e9c,3.229508814037701
seg_786ff6,6.885568750063101
seg_c70fde,8.072578604665898
seg_1bd38e,6.017451299198999
seg_bcf6af,9.595771511554881
seg_a1d8da,6.389965233176208
seg_c01a57,2.3169917090363983
seg_970b35,4.085819794799797
seg_c671f7,6.262087345577599
seg_32c904,6.677985435298302
seg_b7da0a,3.183068036874401
seg_590fa5,5.714871722740197
seg_e50f16,11.134227971397356
seg_9e25e9,4.8674194175188
seg_6d01a3,9.0598884750726
seg_6681ee,1.6592214299704997
seg_6ed49a,7.574480633002997
seg_bd40f2,9.663816440333202
seg_26edaa,7.974980741509637
seg_5c1a4d,3.5044572834415995
seg_8d6a7d,4.0250964077545
seg_5b392b,2.6651483814849
seg_4a9e6b,6.822220209329598
seg_509d55,3.0365802398691
seg_447cb3,8.413960270762994
seg_79dc90,4.818704529922098
seg_ca9e39,2.8162511239572012
seg_7d2e57,7.004647761506801
seg_8c6d4e,4.2238141672269025
seg_71936f,3.0191220312232003
seg_7a521c,3.5990017158559042
seg_d9d0e4,4.3087983646547015
seg_950048,5.704304784681003
seg_b13fb9,5.108900738819697
seg_fdd50e,2.4657558608202006
seg_a41c2c,5.112353538240199
seg_421a96,5.042513953264799
seg_d31583,9.719115894599001
seg_d661ce,4.238924658653301
seg_790108,5.115172221386303
seg_a80f6f,4.798873646029102
seg_0d434c,9.633243898445397
seg_411225,2.4850259725082005
seg_bff392,2.3535156563322994
seg_3b2013,2.9687818392450986
seg_ea8270,8.884232010178005
seg_d2a533,6.9498538065302
seg_6074f9,3.196082319759102
seg_316f86,2.5873033893171002
seg_902074,6.1029600925828005
seg_f02d32,4.258739646459098
seg_2dcd3a,3.8333728187742007
seg_b64c9c,6.050860109671399
seg_9c2843,1.2889985867374003
seg_570d69,8.644341636840764
seg_81bebd,6.083834691219199
seg_00be11,2.6680083928555005
seg_ad759c,3.451310592470398
seg_c5256d,4.913497180804903
seg_4acc4b,2.9245065044084004
seg_b02e31,7.027144156937128
seg_162fc4,5.768204844169301
seg_0b32f7,3.165904762171
seg_325790,4.062747524210098
seg_bc07c8,2.245682958079101
seg_8be76c,1.0785958926619998
seg_cc2c46,4.645568702611201
seg_af6204,4.955561451748703
seg_a31fe3,9.443641757448995
seg_db4185,4.030696863794702
seg_8fc754,7.080707896595602
seg_15bf25,7.333874995400634
seg_ec4645,5.289263804030099
seg_259dd3,8.034402020040508
seg_fb9491,4.070199183958099
seg_4ea3fa,6.103129671313297
seg_89eed6,3.1724018181389018
seg_229eda,6.674437599691305
seg_3c64fb,6.932290415449505
seg_5470ca,2.5900690121933003
seg_0e7cc5,5.858314691154005
seg_d9bb68,6.124943287643499
seg_90a0be,3.1497955054477997
seg_2e917f,8.073230174336002
seg_8324a4,5.223747591510602
seg_9d6ff0,4.319721855311198
seg_61b50d,3.529410072773199
seg_a6bf91,6.548326804088298
seg_92af10,8.66704564871817
seg_f66db1,4.437978096501698
seg_d56d32,8.757143442456178
seg_8353f5,8.010855971532994
seg_3788c5,3.319621759800479
seg_b36c8a,3.7310942008217007
seg_bbb01e,6.976679511538895
seg_32e763,2.6279226026735008
seg_bf4bf2,2.311465875944799
seg_0165c6,8.682800516683006
seg_f2a20d,4.124258489186698
seg_fdff11,2.7685286544016985
seg_37bf85,3.6372029718399
seg_2a4551,6.898483034009201
seg_9a1a4f,5.237050719010399
seg_9485c0,4.183816105036699
seg_61f504,3.4949516277617
seg_8f25b0,8.910189782993383
seg_25b38a,6.6680544499560055
seg_868c85,6.499202641232997
seg_0a97c4,6.505052777523704
seg_45b051,2.097589109909701
seg_a88097,10.38394720463336
seg_95b321,2.9575793868079994
seg_4ab7bf,8.078481051802992
seg_2f5695,3.5174113147651997
seg_8c341c,7.0368912632909995
seg_35269b,8.382764923051777
seg_2ea616,2.9078746783172993
seg_f9e4f2,12.135876405811496
seg_461ab5,1.5325787972907
seg_f77ee5,8.805374455613993
seg_ae32a6,6.393262570343802
seg_95f45e,8.452182786138998
seg_bb6fcb,6.4729946785217995
seg_6e5a38,2.2366990179675
seg_fedbd1,10.491594717390006
seg_d5f344,4.245481836862602
seg_62c582,2.5731884800573988
seg_ba83da,3.8430200548044007
seg_6de935,10.072065222048263
seg_2597af,5.476448446491695
seg_45e062,10.477136789205996
seg_e13bd8,2.3215335429277015
seg_419b2a,7.760239071135601
seg_a7b454,3.9734784500944027
seg_983778,6.876401490918592
seg_94a133,5.518577932797404
seg_4eeaef,4.302368766265497
seg_2c6011,4.0966542151384
seg_878d2c,10.768344356617268
seg_3bfcf6,5.088001532491599
seg_2b372b,5.011434110153399
seg_73565e,2.2807565184989
seg_967ae4,7.302316696290611
seg_a86231,5.940409985312
seg_a489e1,6.561249140727601
seg_31d763,4.3161494569874
seg_461b63,4.9368817166927
seg_e1a9e0,10.94675887158495
seg_006e4a,3.2008624607388994
seg_952faa,3.968154234933698
seg_017314,8.725999263511538
seg_9a8a1f,3.0889033495219986
